Match ID,Map,Player,Team,Agent,2K,3K,4K,5K,1v1,1v2,1v3,1v4,1v5,ECON,PL,DE
314301,Sunset,Russ,GE,Gekko,1,0,0,0,0,0,0,0,0,47,2,0
314301,Sunset,blaZek1ng,GE,Sova,3,0,0,0,0,0,0,0,0,64,2,0
314301,Sunset,Polvi,GE,Raze,1,0,0,0,0,0,0,0,0,46,1,0
314301,Sunset,Lightningfast,GE,Omen,1,0,0,0,0,0,0,0,0,49,1,0
314301,Sunset,Benkai,GE,Viper,0,0,0,0,0,0,0,0,0,32,0,0
314301,Sunset,Dep,ZETA,Phoenix,3,2,1,0,0,0,0,0,0,92,1,1
314301,Sunset,Laz,ZETA,Chamber,1,1,0,0,1,0,0,0,0,92,0,3
314301,Sunset,SugarZ3ro,ZETA,Omen,1,0,1,0,0,0,0,0,0,52,0,0
314301,Sunset,hiroronn,ZETA,Sova,2,0,1,0,0,0,0,0,0,69,1,1
314301,Sunset,yuran,ZETA,Viper,3,1,0,0,0,0,0,0,0,62,0,0
314301,Icebox,Russ,GE,Gekko,3,1,0,0,1,0,0,0,0,51,4,0
314301,Icebox,blaZek1ng,GE,Viper,1,0,0,0,0,0,0,0,0,34,1,0
314301,Icebox,Polvi,GE,Jett,2,1,1,0,1,0,0,0,0,47,0,2
314301,Icebox,Lightningfast,GE,Sage,7,1,0,0,0,0,0,0,0,69,3,1
314301,Icebox,Benkai,GE,Killjoy,4,1,0,0,0,0,1,0,0,65,0,0
314301,Icebox,Dep,ZETA,Jett,5,1,2,0,0,0,1,0,0,68,0,1
314301,Icebox,Laz,ZETA,Killjoy,1,2,1,0,0,0,0,0,0,57,1,0
314301,Icebox,SugarZ3ro,ZETA,Viper,3,0,0,0,0,0,0,0,0,52,0,0
314301,Icebox,hiroronn,ZETA,Kayo,4,1,0,0,0,0,0,0,0,53,1,1
314301,Icebox,yuran,ZETA,Gekko,4,0,0,0,0,0,0,0,0,54,5,1
314301,Ascent,Russ,GE,Kayo,1,1,1,1,1,0,0,0,0,55,5,0
314301,Ascent,blaZek1ng,GE,Sova,1,2,0,0,0,0,0,0,0,69,1,0
314301,Ascent,Polvi,GE,Jett,2,0,0,0,0,0,0,0,0,34,1,0
314301,Ascent,Lightningfast,GE,Omen,2,1,0,0,0,0,0,0,0,54,0,0
314301,Ascent,Benkai,GE,Killjoy,0,3,0,0,0,0,0,0,0,55,0,0
314301,Ascent,Dep,ZETA,Jett,3,1,0,0,0,0,0,0,0,60,0,0
314301,Ascent,Laz,ZETA,Killjoy,4,1,1,0,0,0,0,0,0,70,1,0
314301,Ascent,SugarZ3ro,ZETA,Omen,3,0,0,0,0,1,0,0,0,56,0,1
314301,Ascent,hiroronn,ZETA,Kayo,1,0,0,0,0,0,0,0,0,34,5,0
314301,Ascent,yuran,ZETA,Sova,5,1,0,0,0,1,0,0,0,53,1,0
314302,Sunset,BORKUM,TS,Omen,3,0,0,0,0,0,0,0,0,40,0,0
314302,Sunset,JessieVash,TS,Sova,0,3,0,0,0,0,0,0,0,68,3,0
314302,Sunset,Jremy,TS,Raze,3,0,0,0,0,0,0,0,0,44,0,0
314302,Sunset,invy,TS,Breach,3,0,0,0,1,0,0,0,0,44,4,0
314302,Sunset,NDG,TS,Cypher,1,1,0,0,0,0,0,0,0,38,0,0
314302,Sunset,stax,DRX,Fade,2,1,0,0,1,0,0,0,0,37,6,1
314302,Sunset,BuZz,DRX,Raze,1,2,1,0,0,0,0,0,0,52,0,0
314302,Sunset,MaKo,DRX,Viper,2,0,0,0,0,0,0,0,0,63,1,0
314302,Sunset,BeYN,DRX,Omen,2,1,0,0,1,0,0,0,0,62,2,1
314302,Sunset,Foxy9,DRX,Cypher,5,1,1,0,0,0,0,0,0,61,0,0
314302,Lotus,BORKUM,TS,Omen,3,0,0,0,0,0,0,0,0,40,3,0
314302,Lotus,JessieVash,TS,Skye,2,1,0,0,0,0,0,0,0,34,2,0
314302,Lotus,Jremy,TS,Raze,4,0,0,0,0,0,0,0,0,53,0,0
314302,Lotus,invy,TS,Viper,6,1,1,0,0,0,0,0,0,75,1,0
314302,Lotus,NDG,TS,Killjoy,0,0,0,0,0,0,0,0,0,32,1,0
314302,Lotus,stax,DRX,Fade,0,2,0,0,0,0,0,0,0,44,3,0
314302,Lotus,BuZz,DRX,Raze,2,1,1,0,0,0,0,0,0,67,1,0
314302,Lotus,MaKo,DRX,Viper,8,0,0,0,0,0,0,0,0,90,1,0
314302,Lotus,BeYN,DRX,Omen,3,0,1,0,0,0,0,0,0,44,0,0
314302,Lotus,Foxy9,DRX,Killjoy,4,0,0,0,1,0,0,0,0,53,0,2
314303,Lotus,Zest,BLD,Fade,1,2,0,0,0,0,1,0,0,29,6,0
314303,Lotus,yay,BLD,Raze,3,1,0,1,0,0,0,0,0,61,0,2
314303,Lotus,Retla,BLD,Viper,1,1,0,0,0,0,0,0,0,36,2,0
314303,Lotus,sScary,BLD,Omen,4,2,0,0,1,0,0,0,0,64,1,0
314303,Lotus,Deryeon,BLD,Killjoy,2,1,0,0,0,0,0,0,0,58,0,0
314303,Lotus,Crws,TLN,Fade,3,0,0,0,0,0,0,0,0,47,2,1
314303,Lotus,Governor,TLN,Raze,0,0,0,0,0,0,0,0,0,34,2,0
314303,Lotus,ban,TLN,Viper,3,0,1,0,0,0,0,0,0,52,0,0
314303,Lotus,JitBoyS,TLN,Omen,3,0,1,0,1,0,0,0,0,78,2,1
314303,Lotus,Surf,TLN,Killjoy,1,0,0,0,0,1,0,0,0,36,0,0
314303,Bind,Zest,BLD,Gekko,2,0,0,0,0,1,0,0,0,36,6,0
314303,Bind,yay,BLD,Raze,3,1,0,0,0,0,0,0,0,47,0,0
314303,Bind,Retla,BLD,Cypher,3,0,0,0,0,0,0,0,0,47,0,0
314303,Bind,sScary,BLD,Brimstone,4,0,0,0,1,0,0,0,0,61,0,3
314303,Bind,Deryeon,BLD,Breach,1,0,0,0,0,0,0,0,0,40,0,0
314303,Bind,Crws,TLN,Gekko,3,0,0,0,0,0,0,0,0,41,8,0
314303,Bind,Governor,TLN,Raze,4,0,0,0,1,0,0,0,0,51,0,2
314303,Bind,ban,TLN,Skye,4,0,0,0,0,0,0,0,0,39,0,0
314303,Bind,JitBoyS,TLN,Harbor,3,3,0,0,0,1,0,0,0,82,1,2
314303,Bind,Surf,TLN,Viper,3,1,0,0,0,0,0,0,0,63,1,0
314303,Icebox,Zest,BLD,Gekko,2,0,0,0,0,0,0,0,0,42,5,0
314303,Icebox,yay,BLD,Jett,1,1,0,0,0,1,0,0,0,51,0,0
314303,Icebox,Retla,BLD,Killjoy,1,0,0,0,0,0,0,0,0,21,0,0
314303,Icebox,sScary,BLD,Harbor,2,1,0,0,0,0,0,0,0,48,2,1
314303,Icebox,Deryeon,BLD,Kayo,2,1,0,0,0,0,0,0,0,57,0,0
314303,Icebox,Crws,TLN,Gekko,0,1,0,0,0,0,0,0,0,48,9,1
314303,Icebox,Governor,TLN,Jett,6,0,0,0,1,0,0,0,0,69,1,0
314303,Icebox,ban,TLN,Kayo,2,2,0,0,0,0,0,0,0,60,0,0
314303,Icebox,JitBoyS,TLN,Viper,4,0,0,0,0,0,0,0,0,42,0,1
314303,Icebox,Surf,TLN,Killjoy,4,1,0,0,0,0,0,0,0,96,1,0
314304,Lotus,Rossy,T1,Viper,2,1,0,0,0,0,0,0,0,36,2,2
314304,Lotus,Sayaplayer,T1,Raze,5,0,0,0,1,0,0,0,0,67,0,1
314304,Lotus,xccurate,T1,Chamber,1,2,1,0,0,1,0,0,0,63,1,0
314304,Lotus,iZu,T1,Omen,4,1,0,0,1,0,0,0,0,45,1,2
314304,Lotus,carpe,T1,Fade,1,1,0,0,0,0,0,0,0,33,1,0
314304,Lotus,Jinggg,PRX,Raze,4,0,0,0,0,0,0,0,0,56,0,1
314304,Lotus,mindfreak,PRX,Omen,4,1,0,0,1,0,0,0,0,55,2,0
314304,Lotus,f0rsakeN,PRX,Cypher,1,0,1,1,0,0,0,0,0,57,0,0
314304,Lotus,d4v41,PRX,Skye,2,2,0,0,0,0,0,0,0,49,6,2
314304,Lotus,something,PRX,Jett,1,2,0,0,0,0,0,0,0,55,1,0
314304,Bind,Rossy,T1,Viper,2,0,0,0,2,0,0,0,0,54,1,1
314304,Bind,Sayaplayer,T1,Raze,1,0,0,0,1,0,0,0,0,45,0,1
314304,Bind,xccurate,T1,Harbor,5,0,0,0,0,0,0,0,0,54,0,0
314304,Bind,iZu,T1,Skye,0,0,0,0,1,0,0,0,0,28,0,0
314304,Bind,carpe,T1,Gekko,5,0,1,0,0,0,1,0,0,52,7,1
314304,Bind,Jinggg,PRX,Raze,4,1,0,0,1,0,0,0,0,55,1,0
314304,Bind,mindfreak,PRX,Brimstone,2,1,0,0,0,0,0,0,0,39,1,0
314304,Bind,f0rsakeN,PRX,Harbor,1,2,1,0,0,0,1,0,0,47,1,0
314304,Bind,d4v41,PRX,Skye,4,1,1,0,0,0,0,0,0,55,5,2
314304,Bind,something,PRX,Reyna,3,1,0,0,0,0,0,0,0,41,1,0
314305,Breeze,BORKUM,TS,Viper,4,2,0,0,1,0,0,0,0,63,3,0
314305,Breeze,JessieVash,TS,Sova,1,2,0,0,0,0,0,0,0,38,2,0
314305,Breeze,Jremy,TS,Jett,6,0,0,0,1,0,0,0,0,49,0,1
314305,Breeze,invy,TS,Kayo,2,1,0,0,0,0,0,0,0,37,1,0
314305,Breeze,NDG,TS,Cypher,4,1,0,0,0,0,0,0,0,43,2,0
314305,Breeze,xffero,RRQ,Cypher,2,2,0,0,0,0,0,0,0,59,2,0
314305,Breeze,fl1pzjder,RRQ,Yoru,3,4,0,0,1,0,0,0,0,65,0,1
314305,Breeze,Lmemore,RRQ,Sova,2,2,0,0,0,0,0,0,0,59,7,0
314305,Breeze,Jemkin,RRQ,Jett,6,0,0,0,0,0,0,0,0,50,1,0
314305,Breeze,Estrella,RRQ,Viper,2,1,0,0,0,0,1,0,0,47,0,0
314305,Split,BORKUM,TS,Omen,1,1,1,0,0,0,0,0,0,82,1,0
314305,Split,JessieVash,TS,Breach,2,1,0,0,0,0,0,0,0,37,3,0
314305,Split,Jremy,TS,Raze,4,2,1,0,1,0,0,0,0,78,0,0
314305,Split,invy,TS,Fade,4,1,0,0,0,0,1,0,0,60,3,1
314305,Split,NDG,TS,Cypher,1,0,0,1,0,0,0,0,0,61,0,0
314305,Split,xffero,RRQ,Cypher,1,2,0,0,1,0,0,0,0,61,0,1
314305,Split,fl1pzjder,RRQ,Viper,1,0,0,0,0,0,0,0,0,48,0,0
314305,Split,Lmemore,RRQ,Skye,1,1,0,0,0,0,0,0,0,40,0,0
314305,Split,Jemkin,RRQ,Raze,5,0,1,0,0,0,0,1,0,77,0,0
314305,Split,Estrella,RRQ,Omen,0,0,0,0,0,0,0,0,0,24,1,0
314305,Icebox,BORKUM,TS,Viper,2,2,0,0,0,0,0,0,0,46,2,0
314305,Icebox,JessieVash,TS,Sova,3,0,0,0,0,0,0,0,0,39,8,3
314305,Icebox,Jremy,TS,Jett,5,0,1,0,0,0,0,0,0,72,0,0
314305,Icebox,invy,TS,Kayo,2,2,0,0,0,0,0,0,0,52,1,1
314305,Icebox,NDG,TS,Killjoy,3,1,0,0,0,0,0,0,0,45,0,2
314305,Icebox,xffero,RRQ,Killjoy,4,1,0,0,0,0,0,0,0,40,2,0
314305,Icebox,fl1pzjder,RRQ,Gekko,2,2,0,0,1,1,0,0,0,39,9,0
314305,Icebox,Lmemore,RRQ,Sova,3,1,0,0,0,0,0,0,0,45,0,2
314305,Icebox,Jemkin,RRQ,Jett,6,0,0,1,0,0,0,0,0,66,0,0
314305,Icebox,Estrella,RRQ,Viper,0,0,0,0,0,0,0,0,0,45,1,4
314306,Ascent,Russ,GE,Kayo,4,1,0,0,0,0,0,0,0,55,3,0
314306,Ascent,blaZek1ng,GE,Sova,0,0,0,0,0,0,0,0,0,36,1,0
314306,Ascent,Polvi,GE,Jett,5,0,0,0,0,0,0,0,0,47,0,0
314306,Ascent,Lightningfast,GE,Omen,2,2,0,0,0,0,0,0,0,50,1,0
314306,Ascent,Benkai,GE,Killjoy,3,0,0,0,0,0,0,0,0,35,0,0
314306,Ascent,stax,DRX,Kayo,0,0,0,0,0,0,0,0,0,21,3,0
314306,Ascent,BuZz,DRX,Jett,6,0,0,0,0,0,0,0,0,65,0,0
314306,Ascent,MaKo,DRX,Omen,4,1,0,0,0,1,0,0,0,92,2,0
314306,Ascent,BeYN,DRX,Sova,1,0,0,0,0,0,0,0,0,52,3,1
314306,Ascent,Foxy9,DRX,Killjoy,3,1,0,0,0,0,0,0,0,94,1,0
314306,Lotus,Russ,GE,Fade,3,1,0,0,1,0,0,0,0,54,2,0
314306,Lotus,blaZek1ng,GE,Viper,4,0,0,0,0,0,0,0,0,43,2,1
314306,Lotus,Polvi,GE,Raze,3,0,0,0,0,0,0,0,0,41,1,0
314306,Lotus,Lightningfast,GE,Omen,2,0,0,0,0,0,0,0,0,46,0,0
314306,Lotus,Benkai,GE,Killjoy,2,1,0,0,0,0,0,0,0,66,2,1
314306,Lotus,stax,DRX,Fade,4,0,0,0,1,0,0,0,0,57,2,0
314306,Lotus,BuZz,DRX,Raze,4,1,0,0,0,0,0,0,0,53,0,0
314306,Lotus,MaKo,DRX,Viper,3,0,0,0,0,0,0,0,0,53,0,0
314306,Lotus,BeYN,DRX,Omen,3,0,0,0,0,0,0,0,0,44,4,1
314306,Lotus,Foxy9,DRX,Killjoy,2,1,1,0,1,0,0,0,0,60,0,3
314307,Lotus,Lakia,GEN,Fade,1,2,0,0,2,0,0,0,0,50,4,2
314307,Lotus,Munchkin,GEN,Viper,3,2,0,0,0,0,0,0,0,53,1,0
314307,Lotus,t3xture,GEN,Raze,3,1,1,0,0,0,0,0,0,65,1,1
314307,Lotus,Meteor,GEN,Killjoy,4,0,0,0,0,0,0,0,0,48,0,2
314307,Lotus,Karon,GEN,Omen,4,2,0,0,0,0,0,0,0,56,1,0
314307,Lotus,Crws,TLN,Fade,4,2,0,0,0,1,0,0,0,51,4,1
314307,Lotus,Governor,TLN,Raze,2,2,0,0,0,0,0,0,0,60,1,0
314307,Lotus,ban,TLN,Viper,3,1,0,0,0,1,0,0,0,54,0,1
314307,Lotus,JitBoyS,TLN,Omen,1,0,0,0,0,0,0,0,0,29,3,0
314307,Lotus,Surf,TLN,Killjoy,1,0,0,0,0,0,0,0,0,19,0,1
314307,Ascent,Lakia,GEN,Sova,4,1,0,0,0,0,0,0,0,82,2,0
314307,Ascent,Munchkin,GEN,Kayo,2,0,0,0,0,0,0,0,0,48,0,1
314307,Ascent,t3xture,GEN,Jett,5,2,1,0,0,1,0,0,0,98,0,2
314307,Ascent,Meteor,GEN,Killjoy,2,1,0,0,0,0,0,0,0,38,1,0
314307,Ascent,Karon,GEN,Omen,4,0,0,0,0,0,0,0,0,67,0,0
314307,Ascent,Crws,TLN,Kayo,1,1,0,0,0,0,0,0,0,22,3,0
314307,Ascent,Governor,TLN,Jett,1,0,0,0,0,0,0,0,0,24,0,0
314307,Ascent,ban,TLN,Killjoy,2,0,2,0,0,0,0,0,0,59,1,0
314307,Ascent,lenne,TLN,Sova,1,1,0,1,0,0,0,0,0,59,1,0
314307,Ascent,JitBoyS,TLN,Omen,4,0,0,0,0,0,0,0,0,40,0,0
314308,Ascent,Rossy,T1,Kayo,2,1,0,0,1,0,0,0,0,47,3,0
314308,Ascent,Sayaplayer,T1,Jett,5,1,0,0,1,0,0,0,0,63,0,0
314308,Ascent,xccurate,T1,Killjoy,2,0,0,0,0,0,0,0,0,34,1,1
314308,Ascent,iZu,T1,Omen,5,0,0,0,0,0,0,0,0,40,0,0
314308,Ascent,carpe,T1,Sova,3,0,0,0,0,0,0,0,0,49,1,0
314308,Ascent,Medusa,DFM,Viper,4,1,0,0,0,0,0,0,0,67,1,0
314308,Ascent,neth,DFM,Cypher,3,1,0,0,2,0,0,0,0,47,0,2
314308,Ascent,Meiy,DFM,Raze,6,2,1,0,0,0,0,0,0,80,0,0
314308,Ascent,Anthem,DFM,Kayo,1,0,0,0,0,0,0,0,0,44,4,0
314308,Ascent,SSeeS,DFM,Omen,3,0,0,0,0,0,0,0,0,48,1,0
314308,Lotus,Rossy,T1,Viper,2,0,0,0,1,0,0,0,0,48,0,1
314308,Lotus,Sayaplayer,T1,Raze,2,3,0,0,0,1,0,0,0,59,1,2
314308,Lotus,xccurate,T1,Chamber,3,0,0,0,0,0,0,0,0,44,0,0
314308,Lotus,iZu,T1,Omen,4,0,1,0,1,0,1,0,0,56,0,2
314308,Lotus,carpe,T1,Fade,4,1,0,0,0,0,0,0,0,81,3,0
314308,Lotus,Medusa,DFM,Viper,1,1,1,0,0,0,0,0,0,54,2,0
314308,Lotus,neth,DFM,Killjoy,0,2,0,0,0,0,0,0,0,55,1,0
314308,Lotus,Meiy,DFM,Raze,3,0,1,0,0,0,0,0,0,67,0,0
314308,Lotus,Anthem,DFM,Fade,1,0,0,0,0,0,0,0,0,36,4,0
314308,Lotus,SSeeS,DFM,Omen,0,1,0,0,0,1,0,0,0,44,0,0
314308,Sunset,Rossy,T1,Kayo,5,2,0,0,1,0,0,0,0,67,7,0
314308,Sunset,Sayaplayer,T1,Neon,1,1,0,0,0,0,0,0,0,39,0,0
314308,Sunset,xccurate,T1,Cypher,3,0,0,0,0,0,0,0,0,45,0,0
314308,Sunset,iZu,T1,Omen,3,0,1,0,0,0,0,0,0,55,0,0
314308,Sunset,carpe,T1,Sova,0,1,0,0,0,0,0,0,0,37,1,2
314308,Sunset,Medusa,DFM,Viper,3,0,0,0,1,0,0,0,0,53,0,0
314308,Sunset,neth,DFM,Cypher,5,0,1,0,0,0,0,0,0,60,1,1
314308,Sunset,Meiy,DFM,Raze,2,2,0,0,0,0,0,0,0,56,1,1
314308,Sunset,Anthem,DFM,Gekko,1,1,0,0,0,0,0,0,0,42,6,0
314308,Sunset,SSeeS,DFM,Omen,2,0,0,0,1,0,0,0,0,44,1,1
314309,Lotus,Lakia,GEN,Fade,4,0,0,0,1,0,0,0,0,50,5,1
314309,Lotus,Munchkin,GEN,Viper,3,0,0,0,3,0,0,0,0,36,1,0
314309,Lotus,t3xture,GEN,Raze,1,2,0,1,1,0,0,1,0,53,1,2
314309,Lotus,Meteor,GEN,Killjoy,5,0,1,0,0,0,0,0,0,77,0,0
314309,Lotus,Karon,GEN,Omen,1,0,0,0,0,0,0,0,0,22,1,1
314309,Lotus,Jinggg,PRX,Raze,4,1,0,0,0,0,0,0,0,51,3,0
314309,Lotus,mindfreak,PRX,Omen,6,2,0,0,0,0,0,0,0,72,1,0
314309,Lotus,f0rsakeN,PRX,Cypher,2,1,0,0,0,0,0,0,0,42,1,0
314309,Lotus,d4v41,PRX,Skye,3,0,0,0,0,0,0,0,0,49,6,0
314309,Lotus,something,PRX,Jett,9,0,0,0,0,0,0,0,0,68,1,0
314309,Icebox,Lakia,GEN,Gekko,3,0,0,0,0,0,0,0,0,48,5,4
314309,Icebox,Munchkin,GEN,Kayo,3,1,1,0,0,0,0,0,0,57,1,0
314309,Icebox,t3xture,GEN,Omen,2,1,0,0,1,0,0,0,0,44,1,0
314309,Icebox,Meteor,GEN,Killjoy,2,0,0,0,0,0,0,0,0,43,0,0
314309,Icebox,Karon,GEN,Viper,3,2,0,0,0,0,0,0,0,68,0,1
314309,Icebox,Jinggg,PRX,Sage,2,1,0,0,0,0,0,0,0,51,5,2
314309,Icebox,mindfreak,PRX,Viper,2,1,0,0,0,0,0,0,0,51,0,0
314309,Icebox,f0rsakeN,PRX,Kayo,4,0,1,0,0,0,0,0,0,68,3,1
314309,Icebox,d4v41,PRX,Killjoy,3,0,0,0,2,0,0,0,0,49,0,1
314309,Icebox,something,PRX,Jett,5,0,0,0,0,0,0,0,0,58,1,0
314309,Bind,Lakia,GEN,Skye,3,0,0,0,0,0,0,0,0,41,2,0
314309,Bind,Munchkin,GEN,Viper,3,0,0,0,0,0,0,0,0,41,2,0
314309,Bind,t3xture,GEN,Raze,1,2,0,0,0,0,0,0,0,38,0,0
314309,Bind,Meteor,GEN,Cypher,1,0,1,0,1,0,0,0,0,50,0,1
314309,Bind,Karon,GEN,Brimstone,3,0,0,0,0,0,0,0,0,51,4,1
314309,Bind,Jinggg,PRX,Raze,0,2,0,0,1,0,0,0,0,52,1,1
314309,Bind,mindfreak,PRX,Brimstone,4,2,0,0,0,0,0,0,0,63,1,1
314309,Bind,f0rsakeN,PRX,Harbor,3,1,0,0,0,0,0,0,0,60,0,1
314309,Bind,d4v41,PRX,Skye,1,1,0,0,0,0,0,0,0,40,0,0
314309,Bind,something,PRX,Gekko,4,2,0,0,0,0,0,0,0,86,3,3
314310,Breeze,Rossy,T1,Viper,2,0,0,0,0,0,0,0,0,39,4,0
314310,Breeze,Sayaplayer,T1,Jett,6,1,0,0,0,0,0,0,0,66,1,0
314310,Breeze,xccurate,T1,Harbor,5,0,0,0,0,0,0,1,0,50,0,0
314310,Breeze,iZu,T1,Yoru,4,1,1,1,1,0,0,0,0,75,1,1
314310,Breeze,carpe,T1,Sova,2,0,0,0,0,0,0,0,0,33,3,1
314310,Breeze,stax,DRX,Sova,0,0,1,0,0,0,0,0,0,42,1,0
314310,Breeze,BuZz,DRX,Jett,4,1,0,0,1,0,0,0,0,57,1,1
314310,Breeze,MaKo,DRX,Viper,3,1,0,0,0,0,0,0,0,59,3,0
314310,Breeze,BeYN,DRX,Yoru,5,0,0,0,0,1,0,0,0,61,2,0
314310,Breeze,Foxy9,DRX,Cypher,1,0,0,0,0,0,0,0,0,33,1,0
314310,Split,Rossy,T1,Viper,3,0,0,0,0,0,0,0,0,39,0,0
314310,Split,Sayaplayer,T1,Jett,3,1,0,0,0,0,0,0,0,37,0,0
314310,Split,xccurate,T1,Omen,0,0,0,0,0,0,0,0,0,22,1,0
314310,Split,iZu,T1,Raze,2,0,0,0,0,0,0,0,0,34,0,0
314310,Split,carpe,T1,Skye,2,0,0,0,0,1,0,0,0,49,1,1
314310,Split,stax,DRX,Skye,2,2,0,0,0,0,0,0,0,74,2,0
314310,Split,BuZz,DRX,Raze,2,3,0,0,0,0,0,0,0,69,0,0
314310,Split,MaKo,DRX,Viper,3,2,1,0,0,0,0,0,0,114,0,0
314310,Split,BeYN,DRX,Omen,2,0,0,0,0,0,0,0,0,49,2,0
314310,Split,Foxy9,DRX,Cypher,2,1,0,0,3,0,0,0,0,66,0,0
314310,Bind,Rossy,T1,Viper,0,2,0,0,0,0,0,0,0,55,0,0
314310,Bind,Sayaplayer,T1,Raze,3,1,0,0,0,1,0,0,0,36,0,0
314310,Bind,xccurate,T1,Harbor,3,0,0,0,0,0,0,0,0,55,1,0
314310,Bind,iZu,T1,Skye,1,0,0,0,0,0,0,0,0,34,1,0
314310,Bind,carpe,T1,Gekko,0,0,0,0,0,0,0,0,0,27,4,0
314310,Bind,stax,DRX,Kayo,3,1,1,0,0,0,0,0,0,68,3,0
314310,Bind,BuZz,DRX,Raze,4,3,1,0,0,0,0,0,0,75,0,1
314310,Bind,MaKo,DRX,Viper,3,1,0,0,0,0,0,0,0,90,0,0
314310,Bind,BeYN,DRX,Brimstone,2,0,0,0,0,0,0,0,0,40,0,0
314310,Bind,Foxy9,DRX,Cypher,0,0,0,0,0,0,0,0,0,30,0,2
314311,Icebox,BORKUM,TS,Viper,3,1,1,0,0,0,0,0,0,55,0,2
314311,Icebox,JessieVash,TS,Sova,1,1,0,0,1,0,0,0,0,55,7,0
314311,Icebox,Jremy,TS,Jett,3,0,0,0,0,0,0,0,0,54,0,1
314311,Icebox,invy,TS,Kayo,4,2,0,0,0,0,0,0,0,67,0,1
314311,Icebox,NDG,TS,Killjoy,4,0,1,0,1,0,0,0,0,57,0,1
314311,Icebox,Dep,ZETA,Jett,3,2,0,0,0,0,0,0,0,68,0,0
314311,Icebox,Laz,ZETA,Killjoy,4,0,0,0,0,0,0,0,0,55,0,0
314311,Icebox,SugarZ3ro,ZETA,Viper,2,0,1,0,0,0,0,0,0,49,1,0
314311,Icebox,hiroronn,ZETA,Kayo,4,0,0,0,1,0,0,0,0,38,2,0
314311,Icebox,yuran,ZETA,Gekko,1,0,1,0,0,1,0,0,0,37,7,2
314311,Lotus,BORKUM,TS,Omen,1,0,1,0,0,2,0,0,0,42,2,1
314311,Lotus,JessieVash,TS,Fade,0,0,0,0,0,0,0,0,0,9,5,0
314311,Lotus,Jremy,TS,Raze,3,1,1,0,0,2,0,0,0,72,1,0
314311,Lotus,invy,TS,Viper,3,0,0,0,0,0,0,0,0,47,0,0
314311,Lotus,NDG,TS,Killjoy,0,3,0,0,0,0,0,0,0,48,1,0
314311,Lotus,Dep,ZETA,Neon,4,1,1,0,0,0,0,0,0,83,0,0
314311,Lotus,Laz,ZETA,Chamber,0,1,0,0,0,0,0,0,0,47,0,0
314311,Lotus,SugarZ3ro,ZETA,Omen,4,1,0,0,0,1,0,0,0,64,0,3
314311,Lotus,hiroronn,ZETA,Gekko,2,0,0,0,1,0,0,0,0,42,7,1
314311,Lotus,yuran,ZETA,Viper,4,2,0,0,0,0,0,0,0,72,0,0
314311,Sunset,BORKUM,TS,Omen,4,0,1,0,0,0,0,0,0,76,1,0
314311,Sunset,JessieVash,TS,Sova,5,0,0,0,1,0,0,0,0,75,6,1
314311,Sunset,Jremy,TS,Raze,3,1,0,0,0,0,0,0,0,58,1,1
314311,Sunset,invy,TS,Breach,5,0,0,0,1,0,0,0,0,60,1,0
314311,Sunset,NDG,TS,Cypher,1,0,0,0,0,0,0,0,0,40,0,0
314311,Sunset,Dep,ZETA,Phoenix,3,1,0,0,0,1,0,0,0,46,0,0
314311,Sunset,Laz,ZETA,Chamber,3,1,0,0,0,0,0,0,0,61,1,0
314311,Sunset,SugarZ3ro,ZETA,Omen,0,0,0,0,0,0,0,0,0,33,3,0
314311,Sunset,hiroronn,ZETA,Sova,1,0,0,0,0,0,0,0,0,41,1,0
314311,Sunset,yuran,ZETA,Viper,2,2,0,0,0,0,0,0,0,66,1,0
314312,Lotus,Zest,BLD,Fade,0,0,0,0,0,0,0,0,0,15,1,0
314312,Lotus,yay,BLD,Raze,1,0,0,0,0,0,0,0,0,52,0,0
314312,Lotus,Retla,BLD,Viper,2,1,0,0,0,0,0,0,0,50,0,1
314312,Lotus,sScary,BLD,Omen,2,1,0,0,0,0,0,0,0,66,0,0
314312,Lotus,Deryeon,BLD,Killjoy,1,0,0,0,0,0,0,0,0,42,1,0
314312,Lotus,xffero,RRQ,Killjoy,1,1,0,0,0,0,0,0,0,61,0,0
314312,Lotus,fl1pzjder,RRQ,Viper,2,1,0,0,0,0,0,0,0,60,4,0
314312,Lotus,Lmemore,RRQ,Fade,2,1,0,0,1,0,0,0,0,66,6,1
314312,Lotus,Jemkin,RRQ,Raze,4,0,0,0,1,0,0,0,0,80,0,0
314312,Lotus,Estrella,RRQ,Omen,1,1,0,0,1,0,0,0,0,54,1,1
314312,Icebox,Zest,BLD,Gekko,2,0,0,0,0,0,0,0,0,39,5,0
314312,Icebox,yay,BLD,Jett,2,0,0,0,1,0,0,0,0,59,0,0
314312,Icebox,Retla,BLD,Killjoy,1,0,0,0,0,0,0,0,0,26,0,0
314312,Icebox,sScary,BLD,Viper,3,1,0,0,0,0,0,0,0,62,2,0
314312,Icebox,Deryeon,BLD,Kayo,2,0,0,0,0,0,0,0,0,40,1,1
314312,Icebox,xffero,RRQ,Killjoy,4,2,1,0,2,0,0,0,0,99,0,1
314312,Icebox,fl1pzjder,RRQ,Gekko,0,0,0,0,0,0,0,0,0,13,5,0
314312,Icebox,Lmemore,RRQ,Sova,4,3,2,0,0,0,0,0,0,103,0,0
314312,Icebox,Jemkin,RRQ,Jett,1,1,0,0,0,0,0,0,0,63,0,2
314312,Icebox,Estrella,RRQ,Viper,2,0,0,0,0,0,0,0,0,33,1,1
314313,Split,Lakia,GEN,Skye,2,0,0,0,1,0,0,0,0,39,1,0
314313,Split,Munchkin,GEN,Viper,3,0,0,0,0,0,0,0,0,60,4,0
314313,Split,t3xture,GEN,Raze,6,1,0,0,0,0,0,0,0,83,2,1
314313,Split,Meteor,GEN,Jett,2,1,0,0,0,0,0,0,0,41,0,0
314313,Split,Karon,GEN,Omen,1,0,0,0,0,0,0,0,0,42,0,0
314313,Split,Medusa,DFM,Viper,3,0,0,0,1,0,0,0,0,54,1,0
314313,Split,neth,DFM,Cypher,1,0,0,0,0,0,0,0,0,28,0,0
314313,Split,Meiy,DFM,Raze,2,3,0,0,0,0,0,0,0,45,0,0
314313,Split,Anthem,DFM,Skye,5,0,0,0,0,1,0,0,0,46,5,1
314313,Split,SSeeS,DFM,Omen,1,0,0,0,0,0,0,0,0,22,1,0
314313,Lotus,Lakia,GEN,Fade,3,1,0,0,1,0,0,0,0,67,3,0
314313,Lotus,Munchkin,GEN,Viper,4,1,0,0,0,0,0,0,0,64,2,0
314313,Lotus,t3xture,GEN,Raze,2,1,0,0,0,0,0,0,0,49,1,1
314313,Lotus,Meteor,GEN,Killjoy,2,1,0,0,0,0,0,0,0,43,1,1
314313,Lotus,Karon,GEN,Omen,3,2,0,0,1,0,0,0,0,60,1,1
314313,Lotus,Medusa,DFM,Viper,2,0,0,0,0,0,0,0,0,49,0,0
314313,Lotus,neth,DFM,Killjoy,2,1,0,0,0,0,0,0,0,34,0,0
314313,Lotus,Meiy,DFM,Raze,4,4,1,0,0,0,0,0,0,76,0,1
314313,Lotus,Anthem,DFM,Fade,0,0,0,0,0,0,0,0,0,39,9,0
314313,Lotus,SSeeS,DFM,Omen,1,0,0,0,0,0,0,0,0,29,0,0
314314,Icebox,Russ,GE,Gekko,4,1,0,0,0,0,0,0,0,57,10,1
314314,Icebox,blaZek1ng,GE,Viper,0,0,0,0,0,0,0,0,0,24,0,0
314314,Icebox,Polvi,GE,Jett,3,1,1,0,0,0,0,0,0,61,0,0
314314,Icebox,Lightningfast,GE,Sage,4,3,1,0,0,0,0,0,0,82,0,1
314314,Icebox,Benkai,GE,Killjoy,2,0,1,0,0,0,0,0,0,57,0,1
314314,Icebox,Crws,TLN,Gekko,2,0,1,0,0,0,0,0,0,64,2,1
314314,Icebox,Governor,TLN,Jett,2,1,0,0,0,0,0,0,0,63,0,0
314314,Icebox,ban,TLN,Kayo,0,0,0,0,0,0,0,0,0,36,0,0
314314,Icebox,JitBoyS,TLN,Viper,4,0,0,0,1,0,0,0,0,50,2,0
314314,Icebox,Surf,TLN,Killjoy,2,0,0,0,0,0,0,0,0,38,0,0
314314,Breeze,Russ,GE,Kayo,3,2,1,0,1,1,0,0,0,61,4,1
314314,Breeze,blaZek1ng,GE,Sova,2,1,0,0,1,0,0,0,0,37,2,1
314314,Breeze,Polvi,GE,Jett,2,0,0,0,0,0,0,0,0,37,1,0
314314,Breeze,Lightningfast,GE,Viper,3,3,0,0,1,1,0,0,0,55,1,0
314314,Breeze,Benkai,GE,Cypher,3,1,0,0,0,0,0,0,0,46,0,0
314314,Breeze,Crws,TLN,Sova,2,1,0,0,0,0,1,0,0,40,5,1
314314,Breeze,Governor,TLN,Jett,5,2,0,0,0,0,0,0,0,58,0,0
314314,Breeze,ban,TLN,Yoru,5,1,0,0,0,0,0,0,0,41,1,0
314314,Breeze,JitBoyS,TLN,Viper,6,1,2,0,2,1,0,0,0,76,3,0
314314,Breeze,Surf,TLN,Cypher,2,1,0,0,0,0,0,0,0,43,0,1
314314,Lotus,Russ,GE,Fade,1,0,0,0,0,0,0,0,0,21,1,0
314314,Lotus,blaZek1ng,GE,Viper,3,0,0,0,0,0,0,0,0,72,1,1
314314,Lotus,Polvi,GE,Raze,1,0,0,0,0,0,0,0,0,49,0,0
314314,Lotus,Lightningfast,GE,Omen,4,0,0,0,0,0,0,0,0,51,1,1
314314,Lotus,Benkai,GE,Killjoy,2,0,0,0,0,0,0,0,0,49,0,0
314314,Lotus,Crws,TLN,Fade,3,0,0,0,1,0,0,0,0,42,7,0
314314,Lotus,Governor,TLN,Raze,2,0,0,0,0,0,0,0,0,48,1,1
314314,Lotus,ban,TLN,Viper,2,3,1,0,0,0,0,0,0,72,0,1
314314,Lotus,JitBoyS,TLN,Omen,3,0,0,0,0,0,0,0,0,55,1,0
314314,Lotus,Surf,TLN,Killjoy,1,0,0,0,0,0,0,0,0,25,0,0
314315,Ascent,Rossy,T1,Kayo,2,3,0,0,0,0,0,0,0,93,3,1
314315,Ascent,Sayaplayer,T1,Jett,1,3,0,0,0,0,0,0,0,49,0,1
314315,Ascent,xccurate,T1,Killjoy,3,0,0,0,0,0,0,0,0,50,0,0
314315,Ascent,iZu,T1,Omen,2,0,0,0,0,0,0,0,0,58,1,0
314315,Ascent,carpe,T1,Sova,3,0,0,0,0,0,0,0,0,93,2,0
314315,Ascent,xffero,RRQ,Killjoy,0,0,1,0,0,0,0,0,0,41,1,0
314315,Ascent,fl1pzjder,RRQ,Kayo,2,0,0,0,0,0,0,0,0,34,2,0
314315,Ascent,Lmemore,RRQ,Sova,3,0,0,0,0,1,0,0,0,44,4,0
314315,Ascent,Jemkin,RRQ,Jett,2,1,0,0,0,0,0,0,0,46,1,0
314315,Ascent,Estrella,RRQ,Omen,1,0,0,0,0,0,0,0,0,23,0,0
314315,Lotus,Rossy,T1,Viper,2,0,0,0,0,0,0,0,0,54,1,1
314315,Lotus,Sayaplayer,T1,Raze,4,2,0,0,0,0,0,0,0,61,0,0
314315,Lotus,xccurate,T1,Chamber,4,2,0,0,1,1,0,0,0,48,0,2
314315,Lotus,iZu,T1,Omen,4,1,1,0,1,0,0,0,0,71,1,1
314315,Lotus,carpe,T1,Fade,2,0,0,0,0,0,0,0,0,41,4,0
314315,Lotus,xffero,RRQ,Killjoy,3,0,0,0,0,0,0,0,0,58,0,0
314315,Lotus,fl1pzjder,RRQ,Viper,2,0,0,0,0,0,0,0,0,29,1,0
314315,Lotus,Lmemore,RRQ,Fade,5,1,1,0,0,0,0,0,0,78,9,0
314315,Lotus,Jemkin,RRQ,Raze,4,0,0,0,0,0,0,0,0,46,0,0
314315,Lotus,Estrella,RRQ,Omen,3,0,0,0,1,0,0,0,0,56,0,0
314316,Sunset,Zest,BLD,Gekko,2,2,0,0,0,0,0,0,0,55,3,0
314316,Sunset,yay,BLD,Raze,0,0,0,0,2,0,0,0,0,27,0,2
314316,Sunset,Retla,BLD,Cypher,2,2,0,0,0,0,0,0,0,51,0,0
314316,Sunset,sScary,BLD,Omen,2,1,0,0,0,0,0,0,0,30,0,0
314316,Sunset,Deryeon,BLD,Kayo,3,2,0,0,1,0,0,0,0,74,1,1
314316,Sunset,Dep,ZETA,Phoenix,1,0,0,0,0,0,0,0,0,52,0,0
314316,Sunset,Laz,ZETA,Chamber,4,0,0,0,0,0,0,0,0,70,1,0
314316,Sunset,SugarZ3ro,ZETA,Omen,3,1,2,0,0,0,0,0,0,78,5,1
314316,Sunset,hiroronn,ZETA,Sova,3,1,0,0,0,0,0,0,0,49,2,0
314316,Sunset,yuran,ZETA,Viper,3,0,0,0,2,0,1,0,0,47,1,0
314316,Ascent,Zest,BLD,Sova,2,1,2,0,1,0,0,0,0,79,5,1
314316,Ascent,yay,BLD,Jett,3,1,0,1,0,0,0,0,0,71,0,0
314316,Ascent,Retla,BLD,Killjoy,1,1,1,0,1,0,0,0,0,41,2,1
314316,Ascent,sScary,BLD,Omen,4,0,0,0,0,0,0,0,0,51,2,0
314316,Ascent,Deryeon,BLD,Kayo,4,0,0,0,0,0,0,0,0,46,0,0
314316,Ascent,Dep,ZETA,Jett,1,1,0,0,1,0,0,0,0,36,1,1
314316,Ascent,Laz,ZETA,Killjoy,5,1,0,0,0,0,0,0,0,66,0,2
314316,Ascent,SugarZ3ro,ZETA,Omen,2,1,1,0,1,0,0,0,0,54,1,0
314316,Ascent,hiroronn,ZETA,Kayo,0,0,0,0,0,0,0,0,0,30,4,0
314316,Ascent,yuran,ZETA,Sova,2,2,0,0,1,0,0,0,0,52,1,0
314316,Lotus,Zest,BLD,Fade,4,0,0,0,0,0,0,0,0,56,3,1
314316,Lotus,yay,BLD,Raze,1,0,0,0,0,0,0,0,0,37,0,0
314316,Lotus,Retla,BLD,Viper,3,1,0,0,0,0,0,0,0,43,1,1
314316,Lotus,sScary,BLD,Omen,6,0,0,0,0,0,0,0,0,67,3,0
314316,Lotus,Deryeon,BLD,Killjoy,3,0,1,0,0,0,0,0,0,41,0,0
314316,Lotus,Dep,ZETA,Neon,3,0,1,0,0,0,0,0,0,46,0,0
314316,Lotus,Laz,ZETA,Chamber,4,1,0,0,0,1,0,0,0,69,0,2
314316,Lotus,SugarZ3ro,ZETA,Omen,1,0,0,0,0,0,0,0,0,41,0,1
314316,Lotus,hiroronn,ZETA,Gekko,4,0,0,0,1,0,0,0,0,40,6,0
314316,Lotus,yuran,ZETA,Viper,4,1,0,0,0,0,0,0,0,61,0,1
314317,Bind,Lakia,GEN,Skye,4,0,0,0,1,0,0,0,0,47,2,0
314317,Bind,Munchkin,GEN,Viper,0,0,0,0,1,0,0,0,0,40,1,0
314317,Bind,t3xture,GEN,Raze,4,1,0,0,0,0,0,0,0,65,1,0
314317,Bind,Meteor,GEN,Cypher,3,1,0,0,0,0,0,0,0,46,0,1
314317,Bind,Karon,GEN,Brimstone,4,0,0,0,0,1,0,0,0,31,2,1
314317,Bind,stax,DRX,Kayo,1,2,0,0,0,0,0,0,0,63,2,0
314317,Bind,BuZz,DRX,Raze,4,0,0,0,0,0,0,0,0,42,2,0
314317,Bind,MaKo,DRX,Viper,4,0,1,0,0,0,1,0,0,60,3,0
314317,Bind,BeYN,DRX,Brimstone,3,0,1,0,0,0,0,0,0,56,3,0
314317,Bind,Foxy9,DRX,Cypher,1,3,1,0,0,0,0,0,0,73,0,0
314317,Ascent,Lakia,GEN,Sova,2,1,0,0,0,1,0,0,0,33,3,1
314317,Ascent,Munchkin,GEN,Kayo,4,0,2,0,1,0,0,0,0,76,2,0
314317,Ascent,t3xture,GEN,Jett,2,1,0,0,0,0,0,0,0,47,0,0
314317,Ascent,Meteor,GEN,Killjoy,5,0,0,0,0,0,0,0,0,65,1,0
314317,Ascent,Karon,GEN,Omen,3,0,0,0,0,0,0,0,0,43,2,0
314317,Ascent,stax,DRX,Kayo,2,0,0,0,0,0,0,0,0,33,4,0
314317,Ascent,BuZz,DRX,Jett,0,4,0,0,0,0,0,0,0,54,0,0
314317,Ascent,MaKo,DRX,Omen,1,2,0,0,0,0,0,0,0,59,2,0
314317,Ascent,BeYN,DRX,Sova,3,0,0,0,0,0,0,0,0,60,1,0
314317,Ascent,Foxy9,DRX,Killjoy,3,0,0,0,2,0,0,0,0,38,1,1
314317,Split,Lakia,GEN,Skye,1,0,0,0,0,0,0,0,0,24,1,0
314317,Split,Munchkin,GEN,Viper,2,0,0,0,0,0,0,0,0,45,2,0
314317,Split,t3xture,GEN,Raze,0,2,0,0,0,0,0,0,0,51,1,0
314317,Split,Meteor,GEN,Jett,2,0,1,0,0,0,0,0,0,46,0,0
314317,Split,Karon,GEN,Omen,1,1,0,0,0,0,0,0,0,35,1,0
314317,Split,stax,DRX,Skye,5,0,0,0,0,0,0,0,0,63,3,0
314317,Split,BuZz,DRX,Raze,3,1,0,0,0,0,0,0,0,50,1,0
314317,Split,MaKo,DRX,Viper,2,0,0,0,0,0,0,0,0,42,1,0
314317,Split,BeYN,DRX,Omen,6,0,0,0,0,0,0,0,0,60,1,0
314317,Split,Foxy9,DRX,Cypher,4,1,0,0,0,1,0,0,0,61,1,0
314318,Lotus,Zest,BLD,Fade,1,1,0,0,0,0,0,0,0,43,4,0
314318,Lotus,yay,BLD,Raze,1,1,0,0,0,0,0,0,0,36,0,0
314318,Lotus,Retla,BLD,Viper,1,1,0,0,0,1,0,0,0,34,0,1
314318,Lotus,sScary,BLD,Omen,3,2,2,0,0,1,0,0,0,72,1,2
314318,Lotus,Deryeon,BLD,Killjoy,2,1,0,0,0,0,0,0,0,64,0,0
314318,Lotus,Medusa,DFM,Viper,2,1,0,0,1,0,0,0,0,60,1,1
314318,Lotus,neth,DFM,Killjoy,3,0,1,0,0,0,1,0,0,39,1,0
314318,Lotus,Meiy,DFM,Raze,3,0,0,0,0,0,0,0,0,42,1,0
314318,Lotus,Anthem,DFM,Fade,4,1,0,0,1,0,0,0,0,56,2,1
314318,Lotus,SSeeS,DFM,Omen,4,1,0,0,0,0,1,0,0,65,3,1
314318,Split,Zest,BLD,Skye,1,1,1,0,0,0,1,0,0,61,5,0
314318,Split,yay,BLD,Raze,1,0,1,0,0,0,0,0,0,46,1,0
314318,Split,Retla,BLD,Viper,2,0,0,0,2,0,0,0,0,66,0,0
314318,Split,sScary,BLD,Omen,2,0,1,0,1,0,0,0,0,79,2,0
314318,Split,Deryeon,BLD,Jett,2,0,0,0,0,0,0,0,0,49,1,0
314318,Split,Medusa,DFM,Viper,3,0,0,0,0,0,0,0,0,43,1,0
314318,Split,neth,DFM,Cypher,1,0,0,0,0,0,0,0,0,32,0,0
314318,Split,Meiy,DFM,Raze,5,0,0,0,0,0,0,0,0,57,0,0
314318,Split,Anthem,DFM,Skye,1,0,0,0,0,0,0,0,0,41,1,0
314318,Split,SSeeS,DFM,Omen,6,0,0,0,0,0,0,0,0,71,1,0
314318,Ascent,Zest,BLD,Sova,2,2,2,0,0,0,0,0,0,128,2,2
314318,Ascent,yay,BLD,Jett,1,2,0,0,0,0,0,0,0,79,0,1
314318,Ascent,Retla,BLD,Killjoy,1,0,0,0,0,0,0,0,0,33,0,0
314318,Ascent,sScary,BLD,Omen,0,1,0,0,0,0,0,0,0,56,0,0
314318,Ascent,Deryeon,BLD,Kayo,3,0,0,0,0,0,0,0,0,57,1,0
314318,Ascent,Medusa,DFM,Viper,0,0,0,0,0,0,0,0,0,29,2,0
314318,Ascent,neth,DFM,Cypher,0,0,0,0,0,0,0,0,0,24,1,0
314318,Ascent,Meiy,DFM,Raze,1,1,0,1,0,0,0,0,0,71,0,0
314318,Ascent,Anthem,DFM,Kayo,2,0,0,0,0,0,0,0,0,39,2,0
314318,Ascent,SSeeS,DFM,Omen,0,0,0,0,0,0,0,0,0,28,0,0
314319,Lotus,Russ,GE,Fade,3,0,1,0,0,0,0,0,0,44,4,0
314319,Lotus,blaZek1ng,GE,Viper,8,1,0,0,0,0,0,0,0,64,1,1
314319,Lotus,Polvi,GE,Raze,2,2,1,0,0,0,0,0,0,62,3,1
314319,Lotus,Lightningfast,GE,Omen,2,0,0,0,0,0,0,0,0,38,0,0
314319,Lotus,Benkai,GE,Killjoy,6,0,0,0,0,0,0,0,0,55,1,0
314319,Lotus,xffero,RRQ,Killjoy,2,0,0,0,0,1,0,0,0,41,0,1
314319,Lotus,fl1pzjder,RRQ,Viper,2,0,0,0,0,0,1,0,0,45,2,1
314319,Lotus,Lmemore,RRQ,Fade,5,0,0,0,0,0,0,0,0,61,3,0
314319,Lotus,2GE,RRQ,Omen,2,0,0,0,0,0,0,0,0,29,2,0
314319,Lotus,Jemkin,RRQ,Raze,2,1,0,0,0,0,0,0,0,47,0,1
314319,Icebox,Russ,GE,Gekko,4,0,0,0,0,0,0,0,0,40,2,0
314319,Icebox,blaZek1ng,GE,Viper,3,1,0,0,1,1,0,0,0,67,1,1
314319,Icebox,Polvi,GE,Jett,3,3,0,0,0,0,1,0,0,89,0,0
314319,Icebox,Lightningfast,GE,Sage,3,0,0,0,1,0,0,0,0,47,5,0
314319,Icebox,Benkai,GE,Killjoy,1,0,0,0,0,0,0,0,0,34,1,0
314319,Icebox,xffero,RRQ,Killjoy,0,1,0,0,0,0,0,0,0,51,0,0
314319,Icebox,fl1pzjder,RRQ,Gekko,0,1,0,0,0,0,0,0,0,31,1,0
314319,Icebox,Lmemore,RRQ,Sova,1,1,0,0,0,0,0,0,0,47,0,1
314319,Icebox,2GE,RRQ,Viper,0,0,0,0,0,0,0,0,0,41,0,0
314319,Icebox,Jemkin,RRQ,Jett,2,2,1,0,0,0,0,0,0,103,0,0
314320,Icebox,BORKUM,TS,Viper,3,1,1,0,0,0,0,0,0,58,1,1
314320,Icebox,JessieVash,TS,Sova,4,1,0,0,0,0,0,0,0,60,4,1
314320,Icebox,Jremy,TS,Jett,3,1,0,0,0,0,0,0,0,71,0,0
314320,Icebox,invy,TS,Kayo,4,1,2,0,0,0,0,0,0,101,1,1
314320,Icebox,NDG,TS,Killjoy,3,0,0,0,1,0,0,0,0,44,1,2
314320,Icebox,Jinggg,PRX,Sage,2,0,1,0,1,0,0,0,0,38,4,0
314320,Icebox,mindfreak,PRX,Viper,0,1,0,0,0,0,0,0,0,48,0,0
314320,Icebox,f0rsakeN,PRX,Kayo,1,1,0,0,0,0,0,0,0,56,4,2
314320,Icebox,d4v41,PRX,Killjoy,3,0,0,0,0,0,0,0,0,55,1,0
314320,Icebox,something,PRX,Jett,4,0,0,0,0,0,0,0,0,40,0,0
314320,Sunset,BORKUM,TS,Omen,3,0,0,0,2,0,0,0,0,42,2,0
314320,Sunset,JessieVash,TS,Sova,3,2,1,0,0,0,0,0,0,71,6,2
314320,Sunset,Jremy,TS,Raze,7,3,0,0,0,0,0,0,0,88,0,0
314320,Sunset,invy,TS,Breach,1,0,0,0,0,0,0,0,0,46,0,0
314320,Sunset,NDG,TS,Cypher,2,0,0,0,0,0,0,0,0,32,2,0
314320,Sunset,Jinggg,PRX,Raze,2,0,0,0,0,1,0,0,0,37,0,0
314320,Sunset,mindfreak,PRX,Viper,3,2,0,0,0,0,1,0,0,78,0,2
314320,Sunset,f0rsakeN,PRX,Kayo,4,1,0,0,0,0,0,0,0,57,1,1
314320,Sunset,d4v41,PRX,Omen,2,1,0,0,0,0,0,0,0,38,0,0
314320,Sunset,something,PRX,Gekko,1,0,1,0,0,0,0,0,0,49,4,0
314321,Lotus,Rossy,T1,Viper,4,0,0,0,0,0,0,0,0,53,1,0
314321,Lotus,Sayaplayer,T1,Raze,5,1,0,0,0,0,0,0,0,44,0,0
314321,Lotus,xccurate,T1,Chamber,2,0,1,0,0,0,0,0,0,47,0,0
314321,Lotus,iZu,T1,Omen,3,0,0,0,0,0,0,0,0,46,2,2
314321,Lotus,carpe,T1,Fade,5,0,0,0,0,0,0,0,0,44,7,1
314321,Lotus,Crws,TLN,Viper,2,1,0,0,0,0,0,0,0,64,1,0
314321,Lotus,Governor,TLN,Neon,5,1,0,0,1,1,0,0,0,36,2,1
314321,Lotus,ban,TLN,Chamber,2,1,0,0,0,0,0,0,0,43,0,0
314321,Lotus,lenne,TLN,Gekko,2,0,0,0,0,0,0,0,0,41,5,2
314321,Lotus,JitBoyS,TLN,Omen,4,3,0,0,0,1,0,0,0,76,2,1
314321,Bind,Rossy,T1,Viper,4,1,0,0,1,0,0,0,0,66,0,2
314321,Bind,Sayaplayer,T1,Raze,2,3,0,0,0,0,0,0,0,61,0,1
314321,Bind,xccurate,T1,Harbor,1,2,1,0,0,0,0,0,0,57,0,0
314321,Bind,iZu,T1,Skye,0,2,0,0,0,0,0,0,0,29,0,0
314321,Bind,carpe,T1,Gekko,0,0,0,0,0,0,0,0,0,35,8,0
314321,Bind,Crws,TLN,Gekko,1,0,0,0,0,0,0,0,0,31,4,1
314321,Bind,Governor,TLN,Raze,2,1,1,0,0,0,0,0,0,67,2,1
314321,Bind,ban,TLN,Skye,3,1,0,0,0,0,0,0,0,42,0,0
314321,Bind,JitBoyS,TLN,Harbor,4,1,0,0,0,1,0,0,0,49,2,1
314321,Bind,Surf,TLN,Viper,4,3,0,0,0,0,1,0,0,85,1,0
314322,Split,Lakia,GEN,Skye,5,0,0,0,0,0,0,0,0,53,6,0
314322,Split,Munchkin,GEN,Viper,1,0,0,0,0,0,0,0,0,34,0,0
314322,Split,t3xture,GEN,Raze,2,1,0,0,0,0,0,0,0,47,0,0
314322,Split,Meteor,GEN,Jett,4,1,1,0,0,0,0,0,0,72,1,0
314322,Split,Karon,GEN,Omen,5,2,0,0,0,0,0,0,0,71,1,0
314322,Split,Dep,ZETA,Yoru,2,2,0,0,0,0,0,0,0,53,0,0
314322,Split,Laz,ZETA,Chamber,1,0,0,0,0,0,0,0,0,48,0,0
314322,Split,SugarZ3ro,ZETA,Astra,3,0,0,0,0,0,0,0,0,45,0,0
314322,Split,hiroronn,ZETA,Breach,2,0,0,0,0,0,0,0,0,23,4,1
314322,Split,yuran,ZETA,Viper,1,1,1,0,0,0,0,0,0,68,1,1
314322,Ascent,Lakia,GEN,Sova,2,1,0,0,0,0,0,0,0,46,1,0
314322,Ascent,Munchkin,GEN,Kayo,4,0,1,0,0,0,0,0,0,49,5,0
314322,Ascent,t3xture,GEN,Jett,3,1,0,0,0,0,0,0,0,53,1,0
314322,Ascent,Meteor,GEN,Killjoy,3,3,0,0,1,0,0,0,0,48,0,0
314322,Ascent,Karon,GEN,Omen,2,1,0,0,0,0,0,0,0,42,3,0
314322,Ascent,Dep,ZETA,Jett,4,4,0,0,0,0,0,0,0,74,0,1
314322,Ascent,Laz,ZETA,Killjoy,3,0,0,0,0,0,0,0,0,55,2,1
314322,Ascent,SugarZ3ro,ZETA,Omen,3,1,0,0,0,1,0,0,0,47,0,0
314322,Ascent,hiroronn,ZETA,Kayo,0,0,0,0,0,0,0,0,0,17,4,0
314322,Ascent,yuran,ZETA,Sova,1,3,0,0,0,0,0,0,0,38,0,0
314323,Lotus,BORKUM,TS,Omen,3,1,1,0,0,1,0,0,0,68,0,1
314323,Lotus,JessieVash,TS,Fade,3,0,0,0,0,0,0,0,0,56,9,0
314323,Lotus,Jremy,TS,Raze,5,1,0,0,0,0,0,0,0,67,0,0
314323,Lotus,invy,TS,Viper,2,1,0,0,0,0,0,0,0,48,2,0
314323,Lotus,NDG,TS,Killjoy,3,0,0,0,0,0,0,0,0,38,0,2
314323,Lotus,Medusa,DFM,Viper,4,1,0,0,0,0,0,0,0,58,0,0
314323,Lotus,neth,DFM,Killjoy,2,0,0,0,0,0,0,0,0,58,2,0
314323,Lotus,Meiy,DFM,Raze,1,0,0,0,0,0,0,0,0,30,0,1
314323,Lotus,Anthem,DFM,Fade,1,0,0,0,1,0,0,0,0,42,3,0
314323,Lotus,SSeeS,DFM,Omen,5,0,0,0,0,0,0,0,0,62,0,0
314323,Breeze,BORKUM,TS,Viper,3,0,1,0,1,0,0,0,0,57,0,0
314323,Breeze,JessieVash,TS,Sova,3,3,0,0,0,0,0,0,0,69,5,0
314323,Breeze,Jremy,TS,Jett,3,1,0,0,1,0,0,0,0,51,0,2
314323,Breeze,invy,TS,Kayo,2,1,0,0,0,0,0,0,0,41,2,1
314323,Breeze,NDG,TS,Cypher,3,0,1,0,0,0,0,0,0,36,0,0
314323,Breeze,Medusa,DFM,Omen,1,3,0,0,0,0,0,0,0,54,0,1
314323,Breeze,neth,DFM,Cypher,3,0,1,0,1,0,0,0,0,68,1,2
314323,Breeze,Meiy,DFM,Yoru,3,2,1,0,1,0,0,0,0,49,2,1
314323,Breeze,Anthem,DFM,Sova,5,2,0,0,0,0,0,0,0,60,3,1
314323,Breeze,SSeeS,DFM,Viper,1,0,0,0,0,0,0,0,0,34,1,1
314323,Sunset,BORKUM,TS,Omen,2,1,0,0,0,0,0,0,0,73,2,0
314323,Sunset,JessieVash,TS,Sova,4,1,0,0,0,1,0,0,0,114,0,3
314323,Sunset,Jremy,TS,Raze,2,1,1,0,0,0,0,0,0,91,0,1
314323,Sunset,invy,TS,Breach,0,0,0,0,1,0,0,0,0,66,1,2
314323,Sunset,NDG,TS,Cypher,3,3,0,0,0,0,0,0,0,98,0,0
314323,Sunset,Medusa,DFM,Viper,1,0,0,0,0,0,0,0,0,42,1,0
314323,Sunset,neth,DFM,Cypher,0,0,0,0,0,0,0,0,0,28,0,0
314323,Sunset,Meiy,DFM,Raze,1,2,0,0,0,0,0,0,0,57,0,1
314323,Sunset,Anthem,DFM,Gekko,0,0,0,0,0,0,0,0,0,22,4,0
314323,Sunset,SSeeS,DFM,Omen,3,0,0,0,0,1,0,0,0,33,1,1
314324,Sunset,Russ,GE,Kayo,3,0,0,0,0,0,0,0,0,47,0,0
314324,Sunset,blaZek1ng,GE,Omen,4,1,0,0,1,0,0,0,0,56,0,1
314324,Sunset,Polvi,GE,Gekko,2,1,0,0,0,0,0,0,0,59,3,1
314324,Sunset,Lightningfast,GE,Sage,2,0,0,0,0,0,0,0,0,37,0,0
314324,Sunset,Benkai,GE,Killjoy,1,0,0,0,0,0,0,0,0,37,0,0
314324,Sunset,Jinggg,PRX,Raze,4,2,0,0,1,0,0,0,0,66,1,1
314324,Sunset,mindfreak,PRX,Omen,2,1,0,0,0,1,0,0,0,64,0,0
314324,Sunset,f0rsakeN,PRX,Breach,1,0,0,0,1,0,0,0,0,30,2,0
314324,Sunset,d4v41,PRX,Sage,0,2,0,0,0,0,0,0,0,65,0,0
314324,Sunset,something,PRX,Gekko,3,2,0,0,1,0,0,0,0,87,9,0
314324,Icebox,Russ,GE,Gekko,3,0,0,0,0,0,0,0,0,50,0,1
314324,Icebox,blaZek1ng,GE,Viper,2,2,0,0,0,0,0,0,0,72,0,0
314324,Icebox,Polvi,GE,Jett,3,1,1,0,0,0,0,0,0,61,1,2
314324,Icebox,Lightningfast,GE,Sage,3,0,0,0,0,0,0,0,0,38,2,0
314324,Icebox,Benkai,GE,Killjoy,3,0,0,0,0,0,0,0,0,64,0,1
314324,Icebox,Jinggg,PRX,Sage,6,1,0,0,1,0,0,0,0,70,4,0
314324,Icebox,mindfreak,PRX,Viper,1,0,1,0,0,0,0,0,0,59,0,0
314324,Icebox,f0rsakeN,PRX,Kayo,4,1,0,0,0,0,0,0,0,51,3,0
314324,Icebox,d4v41,PRX,Killjoy,3,2,0,0,1,1,0,0,0,63,3,1
314324,Icebox,something,PRX,Jett,1,1,0,0,0,0,0,0,0,34,1,0
314325,Ascent,Zest,BLD,Sova,2,0,0,0,0,0,0,0,0,42,2,0
314325,Ascent,yay,BLD,Jett,1,1,0,0,0,0,0,0,0,51,0,1
314325,Ascent,Retla,BLD,Killjoy,2,1,0,0,1,0,0,0,0,80,2,0
314325,Ascent,sScary,BLD,Omen,5,0,0,0,0,0,0,0,0,56,0,0
314325,Ascent,Deryeon,BLD,Kayo,1,0,0,0,0,0,0,0,0,32,0,0
314325,Ascent,Jinggg,PRX,Sage,2,0,0,0,0,0,0,0,0,47,2,1
314325,Ascent,mindfreak,PRX,Omen,3,0,0,0,0,2,0,0,0,52,1,1
314325,Ascent,f0rsakeN,PRX,Sova,2,0,0,0,0,0,0,0,0,47,1,0
314325,Ascent,d4v41,PRX,Kayo,3,1,1,0,0,0,0,0,0,87,0,0
314325,Ascent,something,PRX,Jett,0,3,0,0,0,0,0,0,0,51,1,0
314325,Bind,Zest,BLD,Skye,0,0,0,0,0,0,0,0,0,25,1,0
314325,Bind,yay,BLD,Raze,0,1,0,0,0,0,0,0,0,46,0,0
314325,Bind,Retla,BLD,Viper,2,0,1,0,0,0,0,0,0,62,0,0
314325,Bind,sScary,BLD,Brimstone,3,2,0,0,0,1,0,0,0,77,1,0
314325,Bind,Deryeon,BLD,Gekko,0,0,0,0,0,0,0,0,0,30,6,0
314325,Bind,Jinggg,PRX,Raze,1,2,0,0,0,0,0,0,0,40,0,0
314325,Bind,mindfreak,PRX,Brimstone,3,2,0,0,0,0,0,0,0,77,1,1
314325,Bind,f0rsakeN,PRX,Harbor,2,0,0,0,0,0,0,0,0,52,1,0
314325,Bind,d4v41,PRX,Skye,7,0,0,0,1,0,0,0,0,70,1,1
314325,Bind,something,PRX,Gekko,3,0,0,0,0,0,0,0,0,60,3,1
314326,Split,Russ,GE,Skye,3,0,0,0,0,0,0,0,0,36,2,2
314326,Split,blaZek1ng,GE,Viper,4,0,0,0,0,0,0,0,0,55,0,0
314326,Split,Polvi,GE,Raze,1,3,0,0,0,1,0,0,0,64,3,1
314326,Split,Lightningfast,GE,Omen,5,0,0,0,0,0,0,0,0,85,0,0
314326,Split,Benkai,GE,Cypher,1,2,0,0,0,0,0,0,0,55,1,0
314326,Split,Medusa,DFM,Viper,3,0,0,0,0,0,0,0,0,38,3,0
314326,Split,neth,DFM,Cypher,2,2,0,0,0,0,0,0,0,47,0,0
314326,Split,Meiy,DFM,Raze,3,3,0,0,0,0,0,0,0,65,0,0
314326,Split,Anthem,DFM,Skye,3,2,0,0,2,0,0,0,0,50,5,0
314326,Split,SSeeS,DFM,Omen,3,3,0,0,0,0,0,0,0,40,1,0
314326,Lotus,Russ,GE,Fade,3,1,1,0,0,1,1,0,0,98,6,0
314326,Lotus,blaZek1ng,GE,Viper,3,0,0,0,0,0,0,0,0,52,0,0
314326,Lotus,Polvi,GE,Raze,3,0,1,0,0,0,0,0,0,55,0,0
314326,Lotus,Lightningfast,GE,Omen,5,1,0,0,1,0,0,0,0,89,3,0
314326,Lotus,Benkai,GE,Killjoy,1,0,0,0,0,0,0,0,0,27,0,0
314326,Lotus,Medusa,DFM,Viper,2,0,0,0,0,0,0,0,0,50,0,0
314326,Lotus,neth,DFM,Killjoy,2,1,0,0,0,0,0,0,0,43,0,0
314326,Lotus,Meiy,DFM,Raze,3,1,0,0,0,0,0,0,0,57,1,0
314326,Lotus,Anthem,DFM,Fade,3,1,0,0,0,0,0,0,0,59,2,0
314326,Lotus,SSeeS,DFM,Omen,0,1,0,0,0,0,0,0,0,28,1,0
314326,Ascent,Russ,GE,Kayo,1,1,0,0,0,0,0,0,0,49,4,0
314326,Ascent,blaZek1ng,GE,Sova,5,1,0,0,0,1,0,0,0,77,2,1
314326,Ascent,Polvi,GE,Jett,4,4,0,0,0,0,0,0,0,57,2,0
314326,Ascent,Lightningfast,GE,Omen,2,0,0,0,0,0,0,0,0,32,0,0
314326,Ascent,Benkai,GE,Killjoy,1,1,1,0,0,0,0,0,0,55,1,0
314326,Ascent,Medusa,DFM,Viper,3,2,0,0,0,0,0,0,0,47,1,0
314326,Ascent,neth,DFM,Cypher,2,1,0,0,0,1,0,0,0,48,0,0
314326,Ascent,Meiy,DFM,Raze,5,0,0,0,0,0,0,0,0,51,0,0
314326,Ascent,Anthem,DFM,Kayo,4,1,0,0,0,0,0,0,0,50,3,1
314326,Ascent,SSeeS,DFM,Omen,2,0,0,0,0,0,0,0,0,30,1,1
314327,Bind,Rossy,T1,Skye,2,1,1,0,0,1,0,0,0,61,0,1
314327,Bind,Sayaplayer,T1,Raze,1,3,1,0,0,0,0,0,0,75,0,0
314327,Bind,xccurate,T1,Harbor,1,2,0,0,0,0,0,0,0,46,0,0
314327,Bind,iZu,T1,Viper,4,0,0,0,0,0,0,0,0,52,0,0
314327,Bind,carpe,T1,Gekko,2,0,0,1,0,0,0,0,0,29,6,1
314327,Bind,Dep,ZETA,Raze,4,0,1,0,1,0,0,0,0,64,0,0
314327,Bind,Laz,ZETA,Viper,4,0,0,0,0,0,0,0,0,49,0,0
314327,Bind,SugarZ3ro,ZETA,Brimstone,3,0,1,0,0,0,0,0,0,50,2,0
314327,Bind,hiroronn,ZETA,Skye,0,2,0,0,1,0,0,0,0,50,0,0
314327,Bind,yuran,ZETA,Gekko,0,2,2,0,0,0,0,0,0,58,7,1
314327,Lotus,Rossy,T1,Viper,4,0,0,0,1,0,0,0,0,72,0,3
314327,Lotus,Sayaplayer,T1,Raze,2,1,0,0,0,0,0,0,0,53,0,0
314327,Lotus,xccurate,T1,Chamber,4,1,1,0,0,0,0,0,0,69,1,0
314327,Lotus,iZu,T1,Omen,4,1,0,0,0,1,0,0,0,62,0,1
314327,Lotus,carpe,T1,Fade,1,0,0,0,0,0,0,0,0,36,10,0
314327,Lotus,Dep,ZETA,Neon,4,0,0,0,1,0,0,0,0,36,0,1
314327,Lotus,Laz,ZETA,Chamber,3,1,1,0,0,0,0,0,0,84,1,0
314327,Lotus,SugarZ3ro,ZETA,Omen,3,1,0,0,0,0,0,0,0,40,0,0
314327,Lotus,hiroronn,ZETA,Gekko,4,0,0,0,1,0,0,0,0,35,8,1
314327,Lotus,yuran,ZETA,Viper,1,1,0,0,0,0,0,0,0,50,0,2
314327,Sunset,Rossy,T1,Kayo,2,0,0,0,0,0,1,0,0,51,0,0
314327,Sunset,Sayaplayer,T1,Raze,4,1,0,0,0,1,0,0,0,49,0,0
314327,Sunset,xccurate,T1,Cypher,4,0,0,0,0,0,0,0,0,47,0,0
314327,Sunset,iZu,T1,Omen,1,2,0,0,0,0,1,0,0,48,0,1
314327,Sunset,carpe,T1,Gekko,3,1,0,0,0,0,0,0,0,56,9,3
314327,Sunset,Dep,ZETA,Phoenix,3,1,0,0,0,0,0,0,0,56,1,0
314327,Sunset,Laz,ZETA,Chamber,2,1,0,0,0,0,0,0,0,45,0,2
314327,Sunset,SugarZ3ro,ZETA,Omen,3,0,0,0,0,0,0,0,0,44,2,1
314327,Sunset,hiroronn,ZETA,Sova,1,4,0,0,0,0,0,0,0,58,3,0
314327,Sunset,yuran,ZETA,Viper,1,1,0,0,0,0,0,0,0,67,2,0
314328,Sunset,BORKUM,TS,Omen,3,0,0,0,0,0,0,0,0,41,1,0
314328,Sunset,JessieVash,TS,Sova,2,0,0,0,0,0,0,0,0,39,2,0
314328,Sunset,Jremy,TS,Raze,4,1,0,0,0,0,0,0,0,55,0,2
314328,Sunset,invy,TS,Breach,2,0,0,0,0,0,0,0,0,63,4,1
314328,Sunset,NDG,TS,Cypher,4,2,0,0,0,0,0,0,0,66,0,0
314328,Sunset,Crws,TLN,Breach,1,1,0,0,1,1,0,0,0,45,1,0
314328,Sunset,Governor,TLN,Raze,4,2,0,0,1,0,0,0,0,54,1,1
314328,Sunset,ban,TLN,Cypher,1,0,0,0,0,0,0,0,0,42,0,0
314328,Sunset,lenne,TLN,Fade,2,1,0,0,1,0,0,0,0,39,2,3
314328,Sunset,JitBoyS,TLN,Omen,4,1,0,0,0,0,0,0,0,53,1,0
314328,Lotus,BORKUM,TS,Omen,2,1,0,0,0,0,0,0,0,35,2,0
314328,Lotus,JessieVash,TS,Fade,7,2,0,0,1,0,0,0,0,64,7,1
314328,Lotus,Jremy,TS,Raze,2,0,0,0,0,0,1,0,0,29,0,1
314328,Lotus,invy,TS,Viper,2,0,0,0,0,0,0,0,0,41,0,0
314328,Lotus,NDG,TS,Killjoy,1,1,1,0,1,0,0,0,0,47,0,0
314328,Lotus,Crws,TLN,Fade,2,1,1,0,0,0,0,0,0,76,3,2
314328,Lotus,Governor,TLN,Raze,5,1,0,0,0,1,0,0,0,56,1,1
314328,Lotus,ban,TLN,Killjoy,4,0,0,1,0,0,0,0,1,63,0,1
314328,Lotus,JitBoyS,TLN,Omen,4,0,0,0,1,0,0,0,0,43,2,0
314328,Lotus,Surf,TLN,Viper,3,1,0,1,0,0,0,0,0,58,1,0
314328,Breeze,BORKUM,TS,Viper,3,1,0,0,0,1,0,0,0,40,2,0
314328,Breeze,JessieVash,TS,Sova,2,1,0,0,0,1,0,0,0,53,7,2
314328,Breeze,Jremy,TS,Jett,1,3,0,0,0,1,0,0,0,57,0,0
314328,Breeze,invy,TS,Kayo,1,0,1,0,0,0,0,0,0,51,2,0
314328,Breeze,NDG,TS,Cypher,1,0,1,0,0,0,0,0,0,49,0,0
314328,Breeze,Crws,TLN,Sova,2,0,0,0,0,0,0,0,0,41,5,1
314328,Breeze,Governor,TLN,Jett,4,1,0,0,0,0,0,0,0,65,2,0
314328,Breeze,ban,TLN,Yoru,3,2,1,0,0,0,0,0,0,84,1,1
314328,Breeze,JitBoyS,TLN,Viper,2,1,0,0,2,0,0,0,0,61,2,2
314328,Breeze,Surf,TLN,Cypher,1,1,0,0,0,0,0,0,0,44,0,0
314329,Bind,Zest,BLD,Skye,1,1,1,0,0,0,0,0,0,45,1,1
314329,Bind,yay,BLD,Raze,0,2,0,0,0,0,0,0,0,45,0,0
314329,Bind,Retla,BLD,Viper,2,2,0,0,0,0,0,0,0,71,0,0
314329,Bind,sScary,BLD,Brimstone,4,0,0,0,0,0,0,0,0,58,0,1
314329,Bind,Deryeon,BLD,Gekko,1,1,0,0,0,0,0,0,0,43,6,0
314329,Bind,stax,DRX,Kayo,0,0,0,0,0,0,0,0,0,23,5,0
314329,Bind,BuZz,DRX,Raze,3,0,0,0,1,1,0,0,0,43,0,2
314329,Bind,MaKo,DRX,Viper,4,0,1,1,0,0,0,0,0,76,2,0
314329,Bind,BeYN,DRX,Brimstone,5,4,0,0,0,1,0,0,0,73,0,0
314329,Bind,Foxy9,DRX,Cypher,2,1,0,1,0,0,0,0,0,47,1,0
314329,Breeze,Zest,BLD,Sova,2,0,0,0,0,0,0,0,0,55,1,0
314329,Breeze,yay,BLD,Yoru,2,0,0,0,0,0,0,0,0,43,0,0
314329,Breeze,Retla,BLD,Cypher,0,1,0,0,0,0,0,0,0,43,0,1
314329,Breeze,sScary,BLD,Viper,1,1,0,0,0,0,0,0,0,32,0,0
314329,Breeze,Deryeon,BLD,Jett,0,0,0,0,0,0,0,0,0,33,0,1
314329,Breeze,stax,DRX,Sova,1,2,0,0,0,0,0,0,0,71,5,0
314329,Breeze,BuZz,DRX,Jett,1,4,1,0,0,0,0,0,0,78,1,0
314329,Breeze,MaKo,DRX,Viper,2,1,1,0,0,0,0,0,0,100,5,0
314329,Breeze,BeYN,DRX,Astra,3,0,0,0,0,0,0,0,0,74,0,0
314329,Breeze,Foxy9,DRX,Cypher,2,0,0,0,0,0,0,0,0,44,1,0
314330,Breeze,Lakia,GEN,Sova,2,0,0,0,1,0,0,0,0,30,1,1
314330,Breeze,Munchkin,GEN,Viper,3,1,0,0,2,1,0,0,0,104,0,1
314330,Breeze,t3xture,GEN,Jett,6,0,0,0,0,0,0,0,0,90,0,0
314330,Breeze,Meteor,GEN,Yoru,1,0,0,0,0,0,0,0,0,49,1,0
314330,Breeze,Karon,GEN,Astra,4,2,0,0,0,0,0,0,0,79,0,0
314330,Breeze,xffero,RRQ,Cypher,1,1,0,0,0,0,0,0,0,51,1,0
314330,Breeze,fl1pzjder,RRQ,Yoru,2,0,0,0,0,0,0,0,0,16,0,0
314330,Breeze,Lmemore,RRQ,Sova,1,0,0,0,0,0,0,0,0,29,0,0
314330,Breeze,Jemkin,RRQ,Jett,2,1,0,0,0,0,0,0,0,63,0,0
314330,Breeze,Estrella,RRQ,Viper,1,1,0,0,0,0,0,0,0,61,2,0
314330,Ascent,Lakia,GEN,Sova,2,1,0,0,0,1,0,0,0,56,5,0
314330,Ascent,Munchkin,GEN,Kayo,3,0,1,0,0,0,0,0,0,37,1,0
314330,Ascent,t3xture,GEN,Jett,2,2,1,0,0,0,0,0,0,61,0,0
314330,Ascent,Meteor,GEN,Killjoy,2,1,0,0,0,0,0,0,0,50,1,0
314330,Ascent,Karon,GEN,Omen,2,0,0,0,0,0,0,0,0,31,1,0
314330,Ascent,xffero,RRQ,Killjoy,2,1,0,0,0,0,0,0,0,35,0,3
314330,Ascent,fl1pzjder,RRQ,Kayo,3,1,0,1,0,0,0,0,0,66,2,0
314330,Ascent,Lmemore,RRQ,Sova,4,2,0,0,1,0,0,0,0,53,3,0
314330,Ascent,Jemkin,RRQ,Jett,5,1,1,1,0,0,1,0,0,80,0,0
314330,Ascent,Estrella,RRQ,Omen,4,1,0,0,0,0,0,0,0,48,1,0
314330,Split,Lakia,GEN,Skye,2,0,0,0,0,0,0,0,0,27,1,0
314330,Split,Munchkin,GEN,Viper,4,1,0,0,1,0,0,0,0,65,3,0
314330,Split,t3xture,GEN,Raze,3,2,0,0,0,0,1,0,0,58,1,0
314330,Split,Meteor,GEN,Jett,6,0,0,0,1,1,0,0,0,52,0,1
314330,Split,Karon,GEN,Omen,3,0,1,0,0,0,0,0,0,47,4,0
314330,Split,xffero,RRQ,Cypher,2,2,0,0,0,0,0,0,0,53,1,2
314330,Split,fl1pzjder,RRQ,Viper,2,0,0,0,2,0,0,0,0,45,1,1
314330,Split,Lmemore,RRQ,Skye,3,1,3,0,0,0,0,0,0,66,3,0
314330,Split,Jemkin,RRQ,Raze,6,2,0,0,0,0,0,0,0,63,1,1
314330,Split,Estrella,RRQ,Omen,1,0,1,0,0,0,0,0,0,39,2,0
329907,Lotus,BORKUM,TS,Omen,2,1,0,0,1,0,0,0,0,40,0,0
329907,Lotus,JessieVash,TS,Fade,1,1,0,0,1,0,0,0,0,33,5,0
329907,Lotus,Jremy,TS,Raze,3,0,0,0,0,0,0,0,0,73,2,0
329907,Lotus,invy,TS,Viper,5,1,0,0,0,0,0,0,0,62,0,0
329907,Lotus,NDG,TS,Killjoy,1,1,0,0,0,0,0,0,0,35,0,0
329907,Lotus,Rossy,T1,Viper,3,2,0,0,1,0,0,0,0,79,1,0
329907,Lotus,Sayaplayer,T1,Raze,3,0,0,0,0,0,0,0,0,49,1,1
329907,Lotus,xccurate,T1,Chamber,6,0,0,0,0,0,0,0,0,56,0,0
329907,Lotus,iZu,T1,Omen,3,2,0,0,1,0,0,0,0,66,0,1
329907,Lotus,carpe,T1,Fade,2,0,0,0,0,0,0,0,0,51,4,0
329907,Sunset,BORKUM,TS,Omen,2,1,0,0,0,0,0,0,0,27,1,1
329907,Sunset,JessieVash,TS,Sova,5,1,0,0,0,0,0,0,0,60,1,2
329907,Sunset,Jremy,TS,Raze,3,0,0,0,0,0,0,0,0,63,0,1
329907,Sunset,invy,TS,Breach,3,0,0,0,1,0,0,0,0,53,3,4
329907,Sunset,NDG,TS,Cypher,0,1,1,0,0,0,1,0,0,62,1,0
329907,Sunset,Rossy,T1,Kayo,1,2,0,0,0,0,1,0,0,62,3,0
329907,Sunset,Sayaplayer,T1,Raze,5,1,0,0,0,0,0,0,0,53,0,0
329907,Sunset,xccurate,T1,Cypher,7,0,0,0,0,0,0,0,0,65,0,1
329907,Sunset,iZu,T1,Omen,3,2,0,0,0,1,0,0,0,56,0,1
329907,Sunset,carpe,T1,Gekko,1,0,0,0,0,0,0,0,0,40,8,2
329908,Lotus,Jinggg,PRX,Raze,2,2,1,0,0,0,0,0,0,110,4,0
329908,Lotus,mindfreak,PRX,Omen,0,0,0,0,0,0,0,0,0,66,0,0
329908,Lotus,f0rsakeN,PRX,Breach,1,1,0,0,0,0,0,0,0,57,1,0
329908,Lotus,d4v41,PRX,Skye,4,0,0,0,0,0,0,0,0,57,7,0
329908,Lotus,something,PRX,Jett,2,0,2,0,0,0,0,0,0,123,0,0
329908,Lotus,Crws,TLN,Fade,0,0,0,0,0,0,0,0,0,39,0,0
329908,Lotus,Governor,TLN,Raze,1,0,0,0,0,0,0,0,0,27,0,0
329908,Lotus,ban,TLN,Killjoy,0,0,0,0,0,0,0,0,0,35,0,0
329908,Lotus,JitBoyS,TLN,Omen,0,0,0,0,0,0,0,0,0,31,0,0
329908,Lotus,Surf,TLN,Viper,0,0,0,0,0,0,0,0,0,35,0,0
329908,Bind,Jinggg,PRX,Raze,3,2,0,0,0,1,0,0,0,70,1,0
329908,Bind,mindfreak,PRX,Brimstone,4,0,0,0,0,0,0,0,0,55,0,0
329908,Bind,f0rsakeN,PRX,Harbor,1,0,0,0,0,0,0,0,0,35,0,0
329908,Bind,d4v41,PRX,Skye,3,0,0,0,0,0,0,0,0,52,1,0
329908,Bind,something,PRX,Gekko,1,1,0,0,0,0,0,0,0,44,4,2
329908,Bind,Crws,TLN,Gekko,1,0,0,0,0,1,0,0,0,45,9,0
329908,Bind,Governor,TLN,Raze,2,0,0,0,0,0,0,0,0,55,0,1
329908,Bind,ban,TLN,Skye,4,0,0,0,0,0,0,0,0,47,0,0
329908,Bind,JitBoyS,TLN,Harbor,1,3,0,0,0,0,0,0,0,65,2,1
329908,Bind,Surf,TLN,Viper,4,0,1,0,0,0,0,0,0,60,0,0
329908,Sunset,Jinggg,PRX,Raze,2,2,0,0,0,0,0,0,0,70,0,1
329908,Sunset,mindfreak,PRX,Omen,2,1,1,0,0,0,0,0,0,49,0,0
329908,Sunset,f0rsakeN,PRX,Breach,4,1,0,0,1,0,0,0,0,62,1,0
329908,Sunset,d4v41,PRX,Sage,4,0,0,0,0,0,0,0,0,33,2,1
329908,Sunset,something,PRX,Gekko,3,1,0,0,0,0,0,0,0,68,3,0
329908,Sunset,Crws,TLN,Kayo,8,1,0,0,0,0,0,0,0,65,1,1
329908,Sunset,Governor,TLN,Neon,3,2,0,0,0,0,0,0,0,39,1,0
329908,Sunset,ban,TLN,Cypher,3,1,1,0,0,0,0,0,0,57,0,0
329908,Sunset,lenne,TLN,Sova,1,0,0,0,0,0,0,0,0,46,2,1
329908,Sunset,JitBoyS,TLN,Omen,3,0,0,0,0,0,0,0,0,34,0,1
329909,Ascent,Lakia,GEN,Sova,4,0,0,0,0,0,0,0,0,53,2,0
329909,Ascent,Munchkin,GEN,Kayo,5,0,0,0,0,1,0,0,0,56,3,1
329909,Ascent,t3xture,GEN,Jett,5,0,0,0,0,0,0,0,0,63,0,0
329909,Ascent,Meteor,GEN,Killjoy,3,0,0,0,0,0,0,0,0,44,0,0
329909,Ascent,Karon,GEN,Omen,0,1,0,0,0,0,0,0,0,28,1,0
329909,Ascent,Rossy,T1,Kayo,3,2,0,0,0,0,0,0,0,67,1,0
329909,Ascent,Sayaplayer,T1,Jett,2,1,1,0,1,0,0,0,0,49,1,1
329909,Ascent,xccurate,T1,Killjoy,2,1,0,0,0,0,0,0,0,41,0,1
329909,Ascent,iZu,T1,Omen,2,0,1,0,0,0,0,0,0,48,3,0
329909,Ascent,carpe,T1,Sova,3,0,0,0,0,0,0,0,0,60,0,1
329909,Sunset,Lakia,GEN,Sova,1,0,0,0,0,0,0,0,0,53,1,0
329909,Sunset,Munchkin,GEN,Kayo,4,2,0,0,0,1,0,0,0,64,5,0
329909,Sunset,t3xture,GEN,Jett,4,1,0,0,0,0,0,0,0,58,1,0
329909,Sunset,Meteor,GEN,Cypher,6,1,0,0,0,0,0,0,0,61,1,0
329909,Sunset,Karon,GEN,Omen,7,0,0,0,0,0,0,0,0,68,0,0
329909,Sunset,Rossy,T1,Kayo,1,1,0,0,0,0,0,0,0,40,0,0
329909,Sunset,Sayaplayer,T1,Raze,2,0,0,0,0,0,0,0,0,26,0,1
329909,Sunset,xccurate,T1,Cypher,2,2,0,0,0,0,1,0,0,33,1,0
329909,Sunset,iZu,T1,Omen,3,1,0,0,0,0,0,0,0,48,1,0
329909,Sunset,carpe,T1,Gekko,3,1,0,0,0,0,0,0,0,57,4,0
329909,Breeze,Lakia,GEN,Sova,2,0,0,0,0,0,0,0,0,62,2,0
329909,Breeze,Munchkin,GEN,Viper,3,0,1,0,1,0,0,0,0,53,2,0
329909,Breeze,t3xture,GEN,Jett,3,1,0,0,0,0,0,0,0,60,0,0
329909,Breeze,Meteor,GEN,Yoru,1,1,0,0,0,0,0,0,0,45,2,0
329909,Breeze,Karon,GEN,Astra,2,0,1,0,0,0,0,0,0,42,0,0
329909,Breeze,Rossy,T1,Viper,0,2,0,0,1,0,0,0,0,50,2,1
329909,Breeze,Sayaplayer,T1,Jett,4,2,1,0,0,1,0,0,0,97,0,0
329909,Breeze,xccurate,T1,Harbor,3,1,0,0,0,0,0,0,0,58,1,0
329909,Breeze,iZu,T1,Yoru,1,1,0,0,0,1,0,0,0,28,0,2
329909,Breeze,carpe,T1,Sova,2,0,0,0,0,0,0,0,0,37,4,0
329910,Lotus,stax,DRX,Fade,1,0,1,0,0,0,0,0,0,41,3,0
329910,Lotus,BuZz,DRX,Raze,2,0,0,0,0,0,0,0,0,36,0,0
329910,Lotus,MaKo,DRX,Viper,1,1,0,0,0,0,0,0,0,51,0,0
329910,Lotus,BeYN,DRX,Omen,3,0,0,0,0,0,0,0,0,29,1,0
329910,Lotus,Foxy9,DRX,Killjoy,4,1,0,0,1,0,0,0,0,89,1,0
329910,Lotus,Jinggg,PRX,Raze,1,1,0,0,0,0,0,0,0,50,0,0
329910,Lotus,mindfreak,PRX,Omen,1,0,1,0,0,0,0,0,0,44,0,0
329910,Lotus,f0rsakeN,PRX,Breach,1,0,0,0,0,0,0,0,0,32,0,0
329910,Lotus,d4v41,PRX,Skye,4,1,0,0,0,0,0,0,0,98,2,1
329910,Lotus,something,PRX,Jett,6,1,0,0,1,0,0,0,0,87,1,0
329910,Ascent,stax,DRX,Kayo,1,1,0,0,0,0,0,0,0,41,4,0
329910,Ascent,BuZz,DRX,Jett,3,1,0,0,0,0,0,0,0,40,0,0
329910,Ascent,MaKo,DRX,Viper,1,2,0,0,1,0,0,0,0,62,0,0
329910,Ascent,BeYN,DRX,Omen,2,1,1,0,0,1,0,0,0,67,1,0
329910,Ascent,Foxy9,DRX,Cypher,7,0,0,0,1,0,0,0,0,62,1,1
329910,Ascent,Jinggg,PRX,Sage,1,1,2,0,0,0,0,0,0,63,0,0
329910,Ascent,mindfreak,PRX,Omen,5,2,0,0,0,0,0,0,0,55,3,1
329910,Ascent,f0rsakeN,PRX,Sova,1,0,1,0,1,0,0,0,0,46,0,0
329910,Ascent,d4v41,PRX,Kayo,2,0,0,0,0,0,0,0,0,46,0,0
329910,Ascent,something,PRX,Jett,1,1,0,0,0,0,0,0,0,46,0,0
329910,Bind,stax,DRX,Kayo,1,0,0,0,0,0,0,0,0,34,2,0
329910,Bind,BuZz,DRX,Raze,4,1,0,0,0,0,0,0,0,45,0,0
329910,Bind,MaKo,DRX,Viper,4,0,0,0,0,0,0,0,0,53,0,0
329910,Bind,BeYN,DRX,Brimstone,1,2,0,0,0,0,0,0,0,51,0,1
329910,Bind,Foxy9,DRX,Cypher,2,1,0,0,1,0,0,0,0,40,0,0
329910,Bind,Jinggg,PRX,Raze,2,0,1,0,0,0,0,0,0,74,0,0
329910,Bind,mindfreak,PRX,Brimstone,4,0,0,0,0,0,0,0,0,68,0,0
329910,Bind,f0rsakeN,PRX,Harbor,1,1,0,0,0,0,0,0,0,32,0,0
329910,Bind,d4v41,PRX,Skye,2,1,0,0,0,0,0,0,0,56,1,1
329910,Bind,something,PRX,Gekko,5,2,0,0,0,1,0,0,0,89,8,0
329912,Lotus,Rossy,T1,Viper,1,1,0,0,0,0,0,0,0,38,0,0
329912,Lotus,Sayaplayer,T1,Raze,0,0,0,0,0,0,0,0,0,44,1,0
329912,Lotus,xccurate,T1,Chamber,1,0,0,0,0,0,0,0,0,45,0,1
329912,Lotus,iZu,T1,Omen,0,0,0,0,0,0,0,0,0,47,0,0
329912,Lotus,carpe,T1,Fade,0,0,1,0,0,0,0,0,0,50,2,0
329912,Lotus,Jinggg,PRX,Raze,5,2,0,0,0,0,0,0,0,73,2,0
329912,Lotus,mindfreak,PRX,Omen,2,2,0,0,0,0,0,0,0,80,0,1
329912,Lotus,f0rsakeN,PRX,Breach,2,0,1,0,0,1,0,0,0,47,4,0
329912,Lotus,d4v41,PRX,Skye,2,0,0,0,0,0,0,0,0,65,4,0
329912,Lotus,something,PRX,Jett,2,1,0,0,0,0,0,0,0,50,0,0
329912,Sunset,Rossy,T1,Kayo,2,0,1,0,0,0,0,1,0,43,0,0
329912,Sunset,Sayaplayer,T1,Raze,3,0,0,0,0,0,0,0,0,48,0,0
329912,Sunset,xccurate,T1,Cypher,3,1,0,0,0,1,0,0,0,58,0,0
329912,Sunset,iZu,T1,Omen,1,0,0,0,0,0,0,0,0,20,0,0
329912,Sunset,carpe,T1,Gekko,1,0,0,0,0,0,0,0,0,47,4,1
329912,Sunset,Jinggg,PRX,Raze,2,2,0,0,0,0,0,0,0,55,1,1
329912,Sunset,mindfreak,PRX,Omen,4,0,1,0,2,0,0,0,0,73,0,1
329912,Sunset,f0rsakeN,PRX,Breach,2,2,0,0,0,0,0,0,0,65,0,0
329912,Sunset,d4v41,PRX,Sage,2,3,0,0,0,0,0,0,0,58,0,0
329912,Sunset,something,PRX,Gekko,2,0,1,0,0,0,0,0,0,71,3,0
329911,Bind,Lakia,GEN,Skye,2,1,0,0,0,0,0,0,0,59,0,1
329911,Bind,Munchkin,GEN,Viper,1,0,0,0,0,0,0,0,0,34,1,1
329911,Bind,t3xture,GEN,Raze,2,1,0,0,0,0,0,0,0,49,1,0
329911,Bind,Meteor,GEN,Cypher,3,0,0,0,0,0,0,0,0,51,0,0
329911,Bind,Karon,GEN,Brimstone,2,1,1,0,0,0,0,0,0,65,2,0
329911,Bind,stax,DRX,Kayo,3,1,0,0,0,0,0,0,0,51,4,1
329911,Bind,BuZz,DRX,Raze,4,0,0,0,0,0,0,0,0,50,2,0
329911,Bind,MaKo,DRX,Viper,2,1,0,0,0,0,0,0,0,70,1,0
329911,Bind,BeYN,DRX,Brimstone,3,2,0,0,1,1,0,0,0,54,0,1
329911,Bind,Foxy9,DRX,Cypher,3,1,0,0,0,1,0,0,0,47,1,0
329911,Sunset,Lakia,GEN,Sova,2,0,0,0,0,0,0,0,0,33,5,0
329911,Sunset,Munchkin,GEN,Kayo,3,1,0,0,0,0,0,0,0,57,2,0
329911,Sunset,t3xture,GEN,Jett,2,1,0,0,1,0,0,0,0,55,0,0
329911,Sunset,Meteor,GEN,Cypher,3,4,0,0,0,0,0,0,0,70,1,0
329911,Sunset,Karon,GEN,Omen,4,3,0,0,0,1,0,0,0,72,2,0
329911,Sunset,stax,DRX,Breach,2,2,0,0,0,0,1,0,0,50,1,0
329911,Sunset,BuZz,DRX,Raze,5,0,0,0,0,0,0,0,0,44,1,0
329911,Sunset,MaKo,DRX,Omen,1,0,0,0,0,0,0,0,0,16,0,0
329911,Sunset,BeYN,DRX,Gekko,5,0,0,0,0,1,0,0,0,59,6,1
329911,Sunset,Foxy9,DRX,Cypher,3,2,0,0,0,0,0,0,0,62,0,0
329911,Ascent,Lakia,GEN,Sova,0,1,1,0,0,0,0,0,0,46,2,1
329911,Ascent,Munchkin,GEN,Kayo,2,3,0,0,2,0,0,0,0,62,4,0
329911,Ascent,t3xture,GEN,Jett,2,3,1,0,1,0,0,0,0,69,1,2
329911,Ascent,Meteor,GEN,Killjoy,2,3,0,0,0,0,0,0,0,76,0,0
329911,Ascent,Karon,GEN,Omen,2,0,0,0,1,0,0,0,0,46,2,0
329911,Ascent,stax,DRX,Kayo,4,0,0,0,0,0,0,0,0,41,3,0
329911,Ascent,BuZz,DRX,Jett,3,0,0,0,0,0,0,0,0,40,0,0
329911,Ascent,MaKo,DRX,Viper,3,1,0,0,1,1,0,0,0,60,2,1
329911,Ascent,BeYN,DRX,Omen,2,1,0,0,0,1,0,0,0,48,2,0
329911,Ascent,Foxy9,DRX,Cypher,1,1,0,0,1,0,0,0,0,40,0,0
329913,Lotus,Rossy,T1,Breach,0,0,0,0,0,0,0,0,0,37,3,0
329913,Lotus,Sayaplayer,T1,Neon,1,0,0,0,0,0,0,0,0,35,0,0
329913,Lotus,xccurate,T1,Omen,2,0,0,0,0,0,0,0,0,45,1,0
329913,Lotus,iZu,T1,Raze,1,1,0,0,0,0,1,0,0,48,1,0
329913,Lotus,carpe,T1,Skye,3,0,0,0,0,0,0,0,0,34,0,0
329913,Lotus,Lakia,GEN,Fade,1,0,0,0,0,0,0,0,0,47,3,1
329913,Lotus,Munchkin,GEN,Viper,3,0,0,0,0,0,0,0,0,56,0,0
329913,Lotus,t3xture,GEN,Raze,2,2,1,0,0,0,0,0,0,96,0,1
329913,Lotus,Meteor,GEN,Killjoy,5,1,0,0,0,0,0,0,0,73,0,1
329913,Lotus,Karon,GEN,Omen,1,2,0,0,1,0,0,0,0,100,0,0
329913,Icebox,Rossy,T1,Sage,7,0,0,0,0,0,0,0,0,58,2,0
329913,Icebox,Sayaplayer,T1,Reyna,2,0,0,0,0,0,0,0,0,40,0,0
329913,Icebox,xccurate,T1,Chamber,4,1,0,0,0,0,0,0,0,50,1,2
329913,Icebox,iZu,T1,Viper,4,0,1,0,0,1,0,0,0,60,0,0
329913,Icebox,carpe,T1,Sova,1,2,1,0,0,0,0,0,0,68,0,2
329913,Icebox,Lakia,GEN,Gekko,1,0,1,0,0,0,0,0,0,37,6,0
329913,Icebox,Munchkin,GEN,Kayo,3,2,0,0,0,0,0,0,0,70,3,0
329913,Icebox,t3xture,GEN,Jett,5,0,1,0,0,0,0,0,0,65,0,0
329913,Icebox,Meteor,GEN,Killjoy,3,2,0,0,0,0,1,0,0,61,0,0
329913,Icebox,Karon,GEN,Viper,3,0,0,0,2,0,0,0,0,38,0,0
329913,Bind,Rossy,T1,Kayo,5,0,0,0,0,0,0,0,0,51,1,1
329913,Bind,Sayaplayer,T1,Raze,4,0,0,0,0,0,0,0,0,44,0,0
329913,Bind,xccurate,T1,Harbor,4,0,0,0,1,0,0,0,0,46,2,0
329913,Bind,iZu,T1,Viper,1,0,0,0,0,0,0,0,0,54,0,0
329913,Bind,carpe,T1,Gekko,5,1,0,0,1,1,0,0,0,56,4,1
329913,Bind,Lakia,GEN,Skye,4,0,0,0,0,0,0,0,0,54,3,0
329913,Bind,Munchkin,GEN,Viper,0,2,0,0,0,1,0,0,0,55,0,0
329913,Bind,t3xture,GEN,Raze,2,0,0,0,0,0,0,0,0,42,0,1
329913,Bind,Meteor,GEN,Cypher,4,0,0,0,0,0,0,0,0,40,0,0
329913,Bind,Karon,GEN,Brimstone,6,3,0,0,1,1,0,0,0,85,5,1
329914,Lotus,Jinggg,PRX,Raze,3,0,1,0,0,0,0,0,0,56,0,0
329914,Lotus,mindfreak,PRX,Omen,3,1,0,0,0,0,0,0,0,47,1,0
329914,Lotus,f0rsakeN,PRX,Breach,1,1,0,0,0,0,0,0,0,46,3,0
329914,Lotus,d4v41,PRX,Skye,2,1,0,0,0,0,0,0,0,41,2,1
329914,Lotus,something,PRX,Jett,2,1,0,0,0,0,0,0,0,44,1,0
329914,Lotus,Lakia,GEN,Fade,1,0,0,0,0,0,0,0,0,38,2,0
329914,Lotus,Munchkin,GEN,Viper,3,1,0,0,0,0,0,0,0,50,1,0
329914,Lotus,t3xture,GEN,Raze,9,1,0,0,0,1,0,0,0,87,0,0
329914,Lotus,Meteor,GEN,Killjoy,4,0,0,0,1,0,0,0,0,49,0,0
329914,Lotus,Karon,GEN,Omen,2,1,0,0,0,0,0,0,0,63,2,1
329914,Sunset,Jinggg,PRX,Raze,1,4,1,0,0,0,0,0,0,72,0,0
329914,Sunset,mindfreak,PRX,Omen,3,0,0,0,0,0,0,0,0,53,1,0
329914,Sunset,f0rsakeN,PRX,Breach,4,1,0,0,1,0,0,0,0,45,2,0
329914,Sunset,d4v41,PRX,Sage,3,1,0,0,0,0,0,0,0,42,1,0
329914,Sunset,something,PRX,Gekko,2,2,0,0,0,0,0,0,0,53,1,0
329914,Sunset,Lakia,GEN,Sova,2,1,0,0,0,0,0,0,0,54,1,0
329914,Sunset,Munchkin,GEN,Kayo,1,0,1,0,0,1,0,0,0,41,3,0
329914,Sunset,t3xture,GEN,Jett,4,1,0,0,0,0,0,0,0,46,0,0
329914,Sunset,Meteor,GEN,Cypher,5,1,0,0,0,0,0,0,0,72,0,0
329914,Sunset,Karon,GEN,Omen,2,0,0,0,0,0,0,0,0,39,1,1
329914,Icebox,Jinggg,PRX,Sage,4,0,0,0,0,0,0,0,0,46,5,1
329914,Icebox,mindfreak,PRX,Viper,0,0,0,0,0,0,0,0,0,14,0,0
329914,Icebox,f0rsakeN,PRX,Kayo,6,1,0,0,0,1,0,0,0,65,3,0
329914,Icebox,d4v41,PRX,Killjoy,5,1,0,0,0,0,0,0,0,74,1,2
329914,Icebox,something,PRX,Jett,6,1,0,0,1,0,0,0,0,87,0,1
329914,Icebox,Lakia,GEN,Gekko,5,1,0,0,0,0,0,0,0,57,10,2
329914,Icebox,Munchkin,GEN,Kayo,0,1,0,0,0,0,0,0,0,25,0,0
329914,Icebox,t3xture,GEN,Jett,3,5,0,0,0,0,1,0,0,92,0,1
329914,Icebox,Meteor,GEN,Killjoy,5,0,0,0,0,0,0,0,0,52,0,0
329914,Icebox,Karon,GEN,Viper,3,0,0,0,0,0,0,0,0,51,0,0
329914,Bind,Jinggg,PRX,Raze,3,2,0,1,0,0,0,0,0,72,0,0
329914,Bind,mindfreak,PRX,Brimstone,2,0,0,0,0,0,0,0,0,28,0,0
329914,Bind,f0rsakeN,PRX,Harbor,1,3,0,0,0,0,0,0,0,47,2,0
329914,Bind,d4v41,PRX,Skye,1,1,0,0,0,0,0,0,0,51,1,0
329914,Bind,something,PRX,Gekko,2,0,1,0,0,0,0,0,0,32,2,0
329914,Bind,Lakia,GEN,Skye,3,2,0,0,0,0,0,0,0,59,2,1
329914,Bind,Munchkin,GEN,Viper,6,0,1,0,0,0,1,0,0,77,1,0
329914,Bind,t3xture,GEN,Raze,4,1,0,0,0,0,0,0,0,62,1,0
329914,Bind,Meteor,GEN,Cypher,1,1,0,0,0,0,0,0,0,49,1,0
329914,Bind,Karon,GEN,Brimstone,1,0,0,0,0,0,0,0,0,33,1,0
329914,Split,Jinggg,PRX,Raze,3,0,0,0,0,0,0,0,0,40,0,0
329914,Split,mindfreak,PRX,Omen,1,2,0,0,0,0,0,0,0,61,1,0
329914,Split,f0rsakeN,PRX,Skye,6,0,0,0,0,0,0,0,0,55,4,0
329914,Split,d4v41,PRX,Viper,5,1,0,0,0,0,0,0,0,70,1,0
329914,Split,something,PRX,Jett,4,3,0,0,0,0,0,0,0,71,0,0
329914,Split,Lakia,GEN,Viper,0,0,0,0,0,0,0,0,0,32,0,0
329914,Split,Munchkin,GEN,Skye,1,2,0,0,1,0,0,0,0,42,1,1
329914,Split,t3xture,GEN,Raze,2,1,0,0,0,1,0,0,0,62,0,1
329914,Split,Meteor,GEN,Jett,0,1,1,0,0,0,0,0,0,46,0,0
329914,Split,Karon,GEN,Omen,2,0,0,0,0,0,0,0,0,42,0,0
