url,title,subtitle,dates,prize_pool,location,tournament_name
https://www.vlr.gg/event/1923/champions-tour-2024-americas-kickoff,Champions Tour 2024: Americas Kickoff,"Part of the Valorant Champions Tour, Riot's official 2024 tournament circuit","Feb 17, 2024 - Mar 4, 2024",$0 USD,"Riot Games Arena, Los Angeles",Champions Tour 2024 Americas Kickoff_csvs
https://www.vlr.gg/event/2004/champions-tour-2024-americas-stage-1,Champions Tour 2024: Americas Stage 1,"Part of the Valorant Champions Tour, Riot's official 2024 tournament circuit","Apr 7, 2024 - May 13, 2024",$0 USD,"Riot Games Arena, Los Angeles",Champions Tour 2024 Americas Stage 1_csvs
https://www.vlr.gg/event/2095/champions-tour-2024-americas-stage-2,Champions Tour 2024: Americas Stage 2,"Part of the Valorant Champions Tour, Riot's official 2024 tournament circuit","Jun 23, 2024 - Jul 22, 2024","$250,000 USD","Riot Games Arena, Los Angeles",Champions Tour 2024 Americas Stage 2_csvs
https://www.vlr.gg/event/1926/champions-tour-2024-china-kickoff,Champions Tour 2024: China Kickoff,"Part of the Valorant Champions Tour, Riot's official 2024 tournament circuit","Feb 22, 2024 - Mar 3, 2024",$0 USD,"VCT CN Arena, Shanghai",Champions Tour 2024 China Kickoff_csvs
https://www.vlr.gg/event/2006/champions-tour-2024-china-stage-1,Champions Tour 2024: China Stage 1,"Part of the Valorant Champions Tour, Riot's official 2024 tournament circuit","Apr 5, 2024 - May 13, 2024",$0 USD,"VCT CN Arena, Shanghai",Champions Tour 2024 China Stage 1_csvs
https://www.vlr.gg/event/2096/champions-tour-2024-china-stage-2,Champions Tour 2024: China Stage 2,"Part of the Valorant Champions Tour, Riot's official 2024 tournament circuit","Jun 15, 2024 - Jul 21, 2024",TBD,"VCT CN Arena, Shanghai & Changsha International Convention and Exhibition Center, Changsha",Champions Tour 2024 China Stage 2_csvs
https://www.vlr.gg/event/1925/champions-tour-2024-emea-kickoff,Champions Tour 2024: EMEA Kickoff,"Part of the Valorant Champions Tour, Riot's official 2024 tournament circuit","Feb 20, 2024 - Mar 2, 2024",$0 USD,"Riot Games Arena, Berlin",Champions Tour 2024 EMEA Kickoff_csvs
https://www.vlr.gg/event/1998/champions-tour-2024-emea-stage-1,Champions Tour 2024: EMEA Stage 1,"Part of the Valorant Champions Tour, Riot's official 2024 tournament circuit","Apr 4, 2024 - May 13, 2024",$0 USD,"Riot Games Arena, Berlin",Champions Tour 2024 EMEA Stage 1_csvs
https://www.vlr.gg/event/2094/champions-tour-2024-emea-stage-2,Champions Tour 2024: EMEA Stage 2,"Part of the Valorant Champions Tour, Riot's official 2024 tournament circuit","Jun 18, 2024 - Jul 20, 2024","$250,000 USD","Riot Games Arena, Berlin",Champions Tour 2024 EMEA Stage 2_csvs
https://www.vlr.gg/event/1921/champions-tour-2024-masters-madrid,Champions Tour 2024: Masters Madrid,"Part of the Valorant Champions Tour, Riot's official 2024 tournament circuit","Mar 14 - 24, 2024","$500,000 USD","Madrid Arena, Madrid",Champions Tour 2024 Masters Madrid_csvs
https://www.vlr.gg/event/1999/champions-tour-2024-masters-shanghai,Champions Tour 2024: Masters Shanghai,"Part of the Valorant Champions Tour, Riot's official 2024 tournament circuit","May 23, 2024 - Jun 9, 2024","$1,000,000 USD",VCT CN Arena & Mercedes-Benz Arena,Champions Tour 2024 Masters Shanghai_csvs
https://www.vlr.gg/event/1924/champions-tour-2024-pacific-kickoff,Champions Tour 2024: Pacific Kickoff,"Part of the Valorant Champions Tour, Riot's official 2024 tournament circuit","Feb 17 - 26, 2024",$0 USD,"S FACTORY Tower D, Seoul",Champions Tour 2024 Pacific Kickoff_csvs
https://www.vlr.gg/event/2002/champions-tour-2024-pacific-stage-1,Champions Tour 2024: Pacific Stage 1,"Part of the Valorant Champions Tour, Riot's official 2024 tournament circuit","Apr 6, 2024 - May 12, 2024",$0 USD,"COEX Artium, Seoul",Champions Tour 2024 Pacific Stage 1_csvs
https://www.vlr.gg/event/2005/champions-tour-2024-pacific-stage-2,Champions Tour 2024: Pacific Stage 2,"Part of the Valorant Champions Tour, Riot's official 2024 tournament circuit","Jun 15, 2024 - Jul 21, 2024","$250,000 USD","COEX Artium & SK Olympic Handball Stadium, Seoul",Champions Tour 2024 Pacific Stage 2_csvs
https://www.vlr.gg/event/2274/vct-2025-americas-kickoff,VCT 2025: Americas Kickoff,"Part of the Valorant Champions Tour, Riot's official 2025 tournament circuit.","Jan 17, 2025 - Feb 9, 2025",$0 USD,"Riot Games Arena, Los Angeles",VCT 2025 Americas Kickoff_csvs
https://www.vlr.gg/event/2347/vct-2025-americas-stage-1,VCT 2025: Americas Stage 1,"Part of the Valorant Champions Tour, Riot's official 2025 tournament circuit.","Mar 22, 2025 - May 4, 2025",TBD,"Riot Games Arena, Los Angeles",VCT 2025 Americas Stage 1_csvs
https://www.vlr.gg/event/2501/vct-2025-americas-stage-2,VCT 2025: Americas Stage 2,"Part of the Valorant Champions Tour, Riot's official 2025 tournament circuit.","Jul 19, 2025 - Sep 1, 2025","$250,000 USD","Riot Games Arena, Los Angeles",VCT 2025 Americas Stage 2_csvs
https://www.vlr.gg/event/2275/vct-2025-china-kickoff,VCT 2025: China Kickoff,"Part of the Valorant Champions Tour, Riot's official 2025 tournament circuit.","Jan 11 - 25, 2025",TBD															~ $0 USD,"VCT CN Arena, Shanghai",VCT 2025 China Kickoff_csvs
https://www.vlr.gg/event/2359/vct-2025-china-stage-1,VCT 2025: China Stage 1,"Part of the Valorant Champions Tour, Riot's official 2025 tournament circuit.","Mar 13, 2025 - May 5, 2025",$0 USD,"VCT CN Arena, Shanghai & JDG Esports Center, Beijing",VCT 2025 China Stage 1_csvs
https://www.vlr.gg/event/2499/vct-2025-china-stage-2,VCT 2025: China Stage 2,"Part of the Valorant Champions Tour, Riot's official 2025 tournament circuit.","Jul 3, 2025 - Aug 24, 2025",TBD,"VCT CN Arena, Shanghai | Chongqing Science Hall, Chongqing",VCT 2025 China Stage 2_csvs
https://www.vlr.gg/event/2276/vct-2025-emea-kickoff,VCT 2025: EMEA Kickoff,"Part of the Valorant Champions Tour, Riot's official 2025 tournament circuit.","Jan 14, 2025 - Feb 10, 2025",$0 USD,"Riot Games Arena, Berlin",VCT 2025 EMEA Kickoff_csvs
https://www.vlr.gg/event/2380/vct-2025-emea-stage-1,VCT 2025: EMEA Stage 1,"Part of the Valorant Champions Tour, Riot's official 2025 tournament circuit.","Mar 26, 2025 - May 19, 2025",TBD,"Riot Games Arena, Berlin",VCT 2025 EMEA Stage 1_csvs
https://www.vlr.gg/event/2498/vct-2025-emea-stage-2,VCT 2025: EMEA Stage 2,"Part of the Valorant Champions Tour, Riot's official 2025 tournament circuit.","Jul 16, 2025 - Sep 1, 2025","$250,000 USD","Riot Games Arena, Berlin",VCT 2025 EMEA Stage 2_csvs
https://www.vlr.gg/event/2277/vct-2025-pacific-kickoff,VCT 2025: Pacific Kickoff,"Part of the Valorant Champions Tour, Riot's official 2025 tournament circuit.","Jan 18, 2025 - Feb 9, 2025","$250,000 USD","Sangam SOOP Colosseum, Seoul",VCT 2025 Pacific Kickoff_csvs
https://www.vlr.gg/event/2379/vct-2025-pacific-stage-1,VCT 2025: Pacific Stage 1,"Part of the Valorant Champions Tour, Riot's official 2025 tournament circuit.","Mar 22, 2025 - May 11, 2025",TBD,"Sangam SOOP Colosseum, Seoul",VCT 2025 Pacific Stage 1_csvs
https://www.vlr.gg/event/2500/vct-2025-pacific-stage-2,VCT 2025: Pacific Stage 2,"Part of the Valorant Champions Tour, Riot's official 2025 tournament circuit.","Jul 15, 2025 - Aug 31, 2025","$250,000 USD","Sangam SOOP Colosseum, Seoul | INSPIRE Arena, Incheon | LaLa arena TOKYO-BAY, Chiba",VCT 2025 Pacific Stage 2_csvs
https://www.vlr.gg/event/2097/valorant-champions-2024,Valorant Champions 2024,"The final event of the Valorant Champions Tour, Riot's 2024 tournament circuit","Aug 1 - 25, 2024","$2,250,000 USD","COEX Artium, Seoul & INSPIRE Arena, Incheon",Valorant Champions 2024_csvs
https://www.vlr.gg/event/2283/valorant-champions-2025,Valorant Champions 2025,"The final event of the Valorant Champions Tour, Riot's 2025 tournament circuit","Sep 12, 2025 - Oct 6, 2025","$2,250,000 USD","Accor Arena, Paris",Valorant Champions 2025_csvs
https://www.vlr.gg/event/2281/valorant-masters-bangkok-2025,Valorant Masters Bangkok 2025,"Part of the Valorant Champions Tour, Riot's official 2025 tournament circuit.","Feb 20, 2025 - Mar 2, 2025","$500,000 USD","UOB Live, Bangkok",Valorant Masters Bangkok 2025_csvs
https://www.vlr.gg/event/2282/valorant-masters-toronto-2025,Valorant Masters Toronto 2025,"Part of the Valorant Champions Tour, Riot's official 2025 tournament circuit.","Jun 8 - 22, 2025","$1,000,000 USD","Enercare Arena, Toronto",Valorant Masters Toronto 2025_csvs
